SC,5.5,1.9,10.3,,,,,5.9,140,3.7,20,1.9,1608,290,-0.1,45,69.4,6.1,1027.5,1032.3,1027.8,1029.7,12.6,11.9,9.9,0.5,164.288
SC,7.3,1.8,13.1,,,,,4.9,160,3.4,140,1.4,1192,270,2,55,69.8,7.1,1023.8,1028.1,1023.8,1026,12.7,11.8,10.8,0,130.579
SC,8.7,3.8,13.8,,,,,7.5,140,4.6,140,1.9,1657,140,3,50,67.6,7.7,1024.5,1028.3,1025.6,1026.7,12.7,11.9,11.4,1.1,123.416
SC,11.8,5,17,,,,,10.2,160,6,160,2.1,1826,140,-0.6,20,44.8,5.9,1022.3,1027,1021.7,1024.5,12.7,11.8,11.7,1.6,141.189
SC,15.3,7.6,20.6,,,,,13.5,290,5.6,290,2.6,2260,270,-5.4,13,24.4,4.1,1014.8,1022,1012.8,1016.9,12.8,11.5,13.7,2.5,140.632
SC,10.9,7.3,14,,,,,11.7,270,5.3,270,2.8,2389,270,1.1,34,52,6.7,1017.3,1022.2,1017.1,1019.4,12.8,10.7,14.2,6.1,93.048
SC,11.5,7.4,20.2,,,,,15.1,290,7.6,290,2.2,1900,320,1.6,18,54,7,1013.1,1019.6,1009.4,1015.2,12.9,8.3,14.2,4.2,118.99
SC,13.8,4,21.1,,,,,13.4,230,7.1,140,2.9,2465,140,0.2,13,46.8,6.6,1013.6,1020.2,1010.2,1015.7,12.9,11.9,14.1,1.4,168.014
SC,23.2,17.7,27.2,,,,,22.3,270,8.6,270,5.1,4445,270,1.5,13,24.4,6.9,1006.8,1011.6,1005.8,1008.8,12.9,11.4,20.2,13.5,172.986
SC,24,14.9,29.8,,,,,15.1,270,6.6,290,2.7,2330,270,-0.8,12,20.4,5.9,1009.7,1013.4,1010.3,1011.7,13,11.1,22.4,12.7,149.023
SC,19.1,13.7,23.9,,,,,10.4,160,6.8,160,2.9,2470,160,6.7,20,46,9.9,1007.9,1013.1,1007.3,1010,13,11.9,20.3,12.2,136.714
SC,15.3,9.7,23.7,0.5,1,2146,2.2,9.1,360,6.4,360,2.4,2108,360,8.1,29,66.4,10.9,1008.8,1015.9,1007.1,1010.9,13.1,8.3,20.1,10.9,122.172
SC,8.5,6.6,10.5,0.7,2.5,248,13.8,7.7,360,5,20,2.1,1790,360,5.2,62,80.8,8.8,1018.7,1022.8,1015.8,1020.9,13.1,0,11.1,8.1,118.732
SC,9.5,7.4,13,0.3,0.5,306,0.5,5.7,70,3.3,70,1.7,1509,90,3.8,55,68.3,8,1020.2,1024,1021.3,1022.4,13.2,1.3,12.1,7.5,122.882
SC,9.1,5.3,14.1,,,,,4,70,2.5,90,1.5,1310,110,3.2,49,68.1,7.7,1017.8,1022.8,1017.9,1020,13.2,7,11.3,5.2,165.173
SC,12.3,2.8,16.9,,,,,8.7,160,6.2,140,2.6,2207,140,1.5,22,51.9,7,1012.9,1019.6,1011.4,1015,13.2,12.6,13,3,157.465
SC,16.9,12.9,20.1,,,,,7.9,290,4.1,290,2.2,1874,270,-2.5,16,28.4,5.5,1012.9,1017.1,1013.3,1014.9,13.3,12.3,17.1,5.9,169.605
SC,15.3,8.7,20.9,,,,,10.7,270,5.5,290,2.1,1806,270,1.8,15,47.4,7.6,1013.6,1018,1014.2,1015.7,13.3,5.4,18,7.8,119.741
SC,12.6,6.6,17.1,,,,,5.9,140,4,140,1.6,1360,140,7.8,29,74.6,10.7,1013.3,1018.1,1012.8,1015.4,13.3,10.9,16.9,5.9,141.666
SC,18.6,12.9,23.2,,,,,8.3,290,4.5,140,2,1729,140,2.6,18,35.8,7.6,1007.1,1011.9,1006.4,1009.1,13.4,12,18,6.3,199.242
SC,19.2,15.9,23.3,,,,,14,320,6.3,200,2.6,2270,270,8.5,43,50,11.1,1004.3,1009.7,1003.8,1006.3,13.5,9.1,20.9,13,105.657
SC,14.5,10.1,18.4,,,,,9.9,160,6.5,140,2.9,2477,160,8.3,50,67.4,11,1009.9,1015.4,1008.8,1012,13.5,12.2,19.4,8.9,181.985
SC,20.5,9.2,25.6,,,,,7.5,160,4.5,160,1.8,1565,140,7.3,21,44.5,10.3,1005.6,1009,1005.3,1007.6,13.5,11.3,22,8.7,156.828
SC,18.8,14.3,22.2,,,,,8.5,160,4.4,160,1.9,1654,160,11.4,26,62.9,13.5,1007.9,1013.4,1005.5,1009.9,13.6,7.4,22.2,13.6,184.318
SC,19,13.8,24.7,0.2,0.2,,0.2,8.1,270,4.3,140,2.2,1920,140,12.4,30,67.6,14.6,999.7,1005.9,997.5,1001.7,13.6,5.6,23.3,15.1,151.05
SC,13.5,9,21.4,,,,,12.5,360,7.8,360,2.9,2515,360,4.7,34,57.1,8.7,1013.3,1018.4,1004.7,1015.4,13.6,11.4,20.8,9.3,128.348
SC,11,8.9,12.1,0.3,0.8,1422,1.2,5.2,320,3,340,1.4,1183,360,8.6,69,85.4,11.2,1017.9,1021.9,1018,1020,13.7,0,13.2,9,141.933
SC,7.8,6.4,10.8,0.8,2.7,433,15.6,7.8,360,5.1,360,1.8,1583,340,6.2,79,90.4,9.5,1017.7,1022,1018.5,1019.9,13.7,0.2,11.5,7.5,132.202
SC,11.3,4.4,17,0,0,,0,10.2,290,4.7,290,1.7,1485,270,4.9,43,67,8.7,1013.9,1021.4,1011.8,1016,13.8,5.6,12.4,6.1,134.252
SC,13.5,9,21.1,0,0,,0,12,270,6.6,360,2.8,2417,270,-0.3,18,43.1,6.2,1008.8,1013.9,1007,1010.9,13.8,9.4,15.7,6.1,159.955
SC,10.5,5.8,15.4,0,0,,0,8.4,20,4.8,20,1.9,1613,20,3.2,45,61.6,7.7,1011.8,1016.3,1011.2,1014,13.8,11.5,16.7,5.9,144.389
SC,17.6,5.9,24.2,,,,,13.5,270,5.5,140,2.4,2099,140,-0.4,20,33.1,6,1011.7,1016.8,1011.3,1013.8,13.9,12,16.5,6,143.941
SC,23.9,19.4,29.1,,,,,15.9,290,6.2,270,4.1,3500,270,2.7,19,25.4,7.6,1010.4,1014.5,1010.3,1012.4,13.9,12.7,25.9,14.6,153.704
SC,20.5,15.4,24.9,,,,,10.5,290,5.2,160,2.3,1954,160,6.4,29,41,9.7,1013.3,1017.4,1013.7,1015.4,13.9,12.7,25.8,12.3,173.554
SC,18.9,14.5,23.9,,,,,7.2,140,5,160,1.5,1260,160,10.3,41,59.5,12.7,1011.9,1015.3,1012.9,1014,14,9.9,24.6,11.1,145.743
SC,13.5,9.5,20.9,0.9,2.9,913,7.7,13.3,290,8.4,270,2.4,2055,140,9.9,40,81.4,12.2,1015.9,1022,1011.5,1018,14,2.8,16.2,11.3,178.508
SC,12.5,7.7,15.7,0,0,,0,5.9,180,3.7,140,1.6,1387,140,7.6,53,72.6,10.5,1017.8,1022.7,1017.2,1019.9,14,1.8,14.6,9.4,131.498
SC,13.6,7.9,20,,,,,4.7,140,3.4,140,1.4,1244,230,7.4,42,67.5,10.5,1017.1,1020.7,1017.3,1019.2,14.1,13.3,20.5,8.5,142.065
SC,13.5,7,19.2,,,,,9.7,140,5.9,140,2.3,2016,140,6.9,47,65.3,10.2,1015.5,1019.6,1015.5,1017.6,14.1,11,20,7.7,114.371
SC,15.2,10.7,19.7,0,0,,0,5.6,360,3.8,360,1.6,1400,140,11.3,66,77.9,13.5,1012.2,1015.9,1012.5,1014.3,14.1,11.1,24.2,11.4,122.904
SC,14,11.1,18.1,,,,,9.8,360,7.4,360,2.8,2461,360,10.5,67,80,12.7,1011.9,1015.8,1012.5,1014,14.2,6.5,22,12.7,150.985
SC,12.1,7.8,15.3,0,0,,0,7.7,360,5.3,360,1.7,1443,360,8.8,59,81,11.4,1008.5,1012.8,1008.9,1010.6,14.2,0,16,8.8,201.727
SC,16,6.8,22.8,,,,,13.7,270,6.8,290,2.3,1973,290,1.3,14,41,6.9,1007.2,1013.9,1007.1,1009.3,14.2,12.2,21.4,7.5,158.622
SC,15.4,9.6,19.7,,,,,8.9,160,5.5,140,2.3,1945,140,2.3,27,41.9,7.3,1010,1014.6,1009,1012.1,14.3,13.5,22.3,7.6,219.04
SC,19.2,13.6,26.4,,,,,11.6,270,5.8,290,3,2600,270,2.8,20,37.8,7.8,1006.7,1011.8,1006.1,1008.8,14.3,11.9,25.4,10.5,153.427
SC,19.4,12.9,23.6,0,0,,0,9.1,160,6.5,160,2.1,1806,160,8.5,35,50,11.2,1009.5,1012.9,1010.2,1011.6,14.3,11.1,24.5,11.9,179.633
SC,23.5,17,27.9,0,0,,0,10.1,270,4.6,160,2.3,2004,270,7.2,26,35.6,10.2,1010.8,1014.8,1011,1012.8,14.3,7.3,26.5,13.1,107.517
SC,21.1,17.6,24,,,,,8.1,200,4.5,140,2.2,1880,140,9.4,27,49.4,12.1,1011.9,1016.1,1011,1013.9,14.4,11.4,27.9,14.8,152.428
SC,23.1,20.1,27.6,,,,,8.6,290,4.6,160,1.8,1578,110,5.6,19,33,9.4,1008.5,1012.9,1008.6,1010.5,14.4,10.3,27.9,15.5,139.7
SC,24.5,18.2,30.3,,,,,7.8,250,3.6,270,1.8,1559,290,10.2,27,41.1,12.6,1003.5,1008.9,1002.3,1005.5,14.4,13.1,30.7,14.5,213.861
SC,20,14.9,24.3,0,0,,0,8.9,360,6.3,360,1.7,1469,20,12.6,38,63.9,14.6,1004.4,1009.1,1003.1,1006.4,14.4,10.6,28.1,14.3,156.762
SC,18.6,14,23.9,,,,,9.1,160,5.4,160,1.9,1612,140,14,51,76,16.1,1008.7,1011.7,1009.1,1010.7,14.5,13,27.5,13.6,149.886
SC,24.6,16.9,30.2,,,,,7.3,270,4.6,140,2,1757,140,12.5,26,50.5,14.6,1008.9,1013.1,1009.3,1010.9,14.5,12.7,30.4,15.4,116.547
SC,22.4,17.5,27.8,0,0,,0,11.7,360,6.2,160,2.1,1785,140,11.8,22,52.8,14,1003.9,1009.8,1001.9,1005.9,14.5,9.9,27,15,125.475
SC,20.8,14.9,25.5,0.6,1.4,23,1.4,10.9,270,5.9,340,2.6,2209,270,6,23,42.5,9.7,999.1,1004.1,998.5,1001.1,14.5,13.2,25.8,11.8,146.603
SC,19.7,16.8,24.9,0,0,,0,10.6,270,6.4,290,2.5,2124,290,9.8,31,54.1,12.2,996.7,1001.3,997,998.7,14.5,9.7,29,13.7,157.959
SC,26.5,17.4,33.5,,,,,14.2,230,6.3,270,2.7,2293,270,7.3,14,32.5,10.4,999.3,1002.7,999.7,1001.2,14.6,13.4,30.3,12.5,177.484
SC,22.5,16.9,27.8,,,,,11.9,200,5.9,250,2.5,2146,140,9.2,12,50.4,12.7,1001.3,1004.5,1002.4,1003.3,14.6,12,31.6,12.7,137.679
SC,16.9,16,18.7,0,0,,0,8.6,360,6.4,360,3,2603,360,14.4,72,85.8,16.4,1000.6,1003.9,1000.8,1002.7,14.6,0,21.9,12.4,157.295
SC,20.9,12.8,26.8,,,,,10.4,270,6.1,140,2.1,1854,290,8.5,17,51.3,11.9,1003.4,1007.5,1003.8,1005.4,14.6,12.7,28.4,8.5,165.146
SC,20.7,16.3,24.2,,,,,8.9,270,3.8,360,1.7,1473,20,7.2,16,44.4,10.8,1002.8,1008.1,1002.4,1004.8,14.7,9.2,28.8,12.3,179.622
SC,21.3,16.1,27.2,,,,,7.6,140,4.6,140,1.8,1534,140,11.8,28,57,14,1003.4,1008,1003.9,1005.4,14.7,13.2,30.9,10.3,145.11
SC,19.1,17,21.8,0,0,,0,8.4,340,5.6,360,2.7,2312,140,15.5,69,80.4,17.6,1010.8,1015.5,1007.9,1012.9,14.7,4.4,28,15.5,142.49
SC,18.7,17.3,22.1,0,0,,0,7.6,160,5.1,140,3.3,2854,140,15.7,70,83,17.8,1010.8,1015.5,1010.1,1012.8,14.7,1.4,22.3,16.7,192.408
SC,17.5,16.5,19,2.3,8.1,2023,14.1,8.2,110,6.3,110,3.4,2960,160,15.9,83,91,18.1,1004,1010.3,1002.4,1006.1,14.7,0,19.3,16.4,111.148
SC,14.1,12.3,16.9,9.9,17.8,635,75.4,11.6,360,7.9,110,4.3,3728,20,13.1,86,93.6,15.1,1003.4,1008.5,1001.3,1005.5,14.7,0,15.6,12.5,194.88
SC,13.6,11.2,14.9,1,1.9,21,2.8,8.2,50,5.3,20,2.1,1853,20,11.4,77,87,13.5,1008.9,1013.2,1008.5,1011,14.7,0.1,16,9.9,173.226
SC,15.8,10.1,20,,,,,4.3,110,3.1,110,1.6,1371,110,11.1,56,75.5,13.2,1011.7,1014.9,1012.7,1013.7,14.8,13.4,21.6,9,151.709
SC,15.6,12.4,19.7,0.1,0.1,,0.1,5.2,140,3.4,140,1,850,140,13.4,71,87.4,15.4,1012.4,1015.3,1013.7,1014.5,14.8,2.6,19.2,11.6,129.039
SC,17.8,13.1,23,,,,,4.3,360,2.8,140,1.1,955,110,15.2,66,85.8,17.4,1011.9,1014.7,1012.8,1013.9,14.8,11.5,22.8,11.5,197.576
SC,17.8,15.9,20.2,,,,,5.4,360,3.9,360,1.6,1344,360,16.4,80,92,18.7,1013.5,1016.5,1014.2,1015.6,14.8,6.2,22.7,15.9,158.284
SC,18.7,16.4,22.9,0,0,,0,5.5,140,3.5,160,1.8,1516,160,16.1,72,85.4,18.3,1012.8,1016.4,1013.8,1014.9,14.8,3,24.6,15.6,219.595
SC,18.4,16.4,21.3,0,0,,0,5.8,140,3.7,140,1.7,1491,140,15.9,75,86.1,18.1,1011.5,1014.9,1012.4,1013.5,14.8,2.4,24.2,16.1,174.664
SC,17.3,15.9,20.1,0,0,,0,5.2,70,3.3,70,1.7,1499,90,13.9,72,80.9,15.9,1011.4,1014.9,1011.5,1013.5,14.8,1,21.2,15,225.991
SC,14.8,13.7,16.6,1.2,4.4,531,9.2,6.6,340,4.6,360,1.6,1357,360,13.1,77,89.5,15.1,1006.2,1011.5,1007.1,1008.3,14.8,0,17.6,13.9,44.648
SC,18.7,13.8,23,1.2,3.6,336,5.4,6.1,160,4.1,140,1.5,1266,140,15.2,59,81.4,17.4,1004,1007.4,1004.6,1006,14.8,11.5,23.3,14,178.944
SC,23.6,19.5,31,,,,,9.3,290,5.4,160,2.1,1789,160,15.2,39,60.8,17.4,1003.4,1006.9,1003.9,1005.4,14.8,13.9,26,15.6,87.682
SC,24.6,20.5,28.9,0.1,0.1,,0.1,7.1,140,4.6,160,1.7,1443,140,17.9,52,67,20.5,1003.5,1007,1004.3,1005.5,14.8,11,28.5,17.7,235.804
SC,23.9,19.8,29.4,,,,,6.6,140,4.6,160,1.7,1493,140,18.9,53,74.8,21.8,1003.7,1007.2,1004,1005.7,14.8,12,31.4,18.5,165.227
SC,24.5,20.9,28.9,,,,,4.4,160,3.1,140,1.3,1107,140,19.2,57,73,22.3,1002.2,1004.9,1003.2,1004.2,14.8,13.2,33.5,18.9,219.235
SC,22.2,20,26.3,,,,,4.5,140,3.3,140,1.5,1303,140,20.1,75,88.4,23.5,1002.2,1005.3,1003,1004.2,14.8,7.9,31.2,18.9,180.065
SC,22.3,19.7,25.2,,,,,5.1,340,3.5,360,1.7,1487,360,20.8,77,91.9,24.6,1003.8,1007.1,1004.6,1005.8,14.8,4.5,30.9,20.1,155.775
SC,21.3,20.1,22.9,13.7,22.8,1608,54.8,6.2,360,3.8,160,1.2,1051,110,20.6,88,96.5,24.3,997.2,1006.3,991.7,999.2,14.8,0,24.7,20.2,157.171
SC,26.2,20.2,32.7,2.6,6.3,146,11.7,10.9,290,5.9,340,2.1,1778,360,18.5,43,66.6,21.5,991.8,997.8,991.1,993.7,14.8,11,27.2,20,172.005
SC,29.8,23.9,34.6,,,,,11.2,270,5,270,2.4,2096,270,16.6,34,45.9,18.9,998.9,1003.5,997.3,1000.9,14.8,12.2,28.3,19.9,175.427
SC,26.4,19.8,32.3,9,10.5,1119,19.9,8.9,230,5,360,2,1736,360,20.5,50,72.3,24.2,1004.7,1011.5,1001.3,1006.7,14.8,2.4,25.1,20,151.866
SC,24.4,21.6,28.5,5,7.2,1600,19.9,5.4,20,3.2,20,1.2,998,70,21.9,64,87.1,26.3,1004.5,1010,1002.3,1006.5,14.8,0.3,25.3,22.3,119.339
SC,29.4,24.2,31.4,0.3,0.3,1746,0.4,14.7,250,6,180,2.9,2544,160,21.1,53,61.4,25.1,997.8,1002.4,998.3,999.8,14.8,0,25,23.2,170.205
SC,27.1,22.8,32.5,0.3,0.3,1359,0.6,12.1,200,5,200,2,1718,160,21.8,52,74.5,26.2,1000.1,1006.1,997.3,1002.1,14.8,1.3,26.1,23,148.781
SC,22.1,21.1,23.8,1.4,6,2002,34.3,6.2,360,3.9,360,1.3,1085,340,21.3,82,95.6,25.3,1007.8,1012.3,1006.1,1009.8,14.8,0,23.8,21.4,144.119
SC,25.4,24.2,28.3,0.7,2.6,730,6.1,5.7,360,4.1,360,1.1,937,360,24.2,84,93.4,30.1,1004.7,1008,1005.1,1006.7,14.1,2.3,28.1,25.1,177.519
SC,25.8,24.6,28,2.2,8.3,633,14.8,7.3,340,5.2,360,1.1,937,140,24.5,78,93,30.7,1006,1009.4,1006.5,1008,14.1,1.3,28.2,24.9,147.926
SC,29.5,24.7,35,0.2,0.3,238,0.3,6.8,250,3.3,230,1.2,1037,230,24.2,56,75,30.3,1005.4,1008.7,1006.3,1007.4,14.1,7.4,30.5,25.1,179.843
SC,28,25.4,33,5.1,10.4,633,11.3,5.2,140,3.5,140,1.3,1157,110,25.2,59,85.5,32.1,1005.6,1009.7,1006,1007.6,14.1,9.6,31.8,25.8,158.549
SC,29.3,26.2,32.3,,,,0,9.9,360,6.2,360,1.4,1189,140,24.2,61,74.8,30.2,1002.2,1006.1,1001.8,1004.1,14,10.8,31.9,25.6,164.296
SC,30.2,27.4,35.5,,,,,5.4,250,2.6,270,1,874,140,24.2,52,70.8,30.2,1002.1,1005.1,1002.6,1004.1,14,7.7,31.3,25.8,141.873
SC,28.8,26.7,32,0.2,0.4,2223,0.5,3.4,140,2.3,110,1,896,90,25.1,72,81,31.9,1002.8,1006.2,1003.6,1004.8,14,4.7,31.1,26.1,177.55
SC,27.8,25.1,31.7,2.4,5.8,1938,21.4,8.8,270,3.8,110,1.5,1334,70,23.5,57,78.9,29,1001.2,1005.1,1001.8,1003.2,13.9,0,27.2,25.7,147.445
SC,24.6,20.3,29.8,5.5,23,1657,110.9,7.3,360,3.6,360,1.5,1266,20,22.8,68,90.3,28,1003.6,1007.8,1003.3,1005.6,13.9,0.5,26.6,20.5,108.464
SC,23.6,20.3,27,5.4,20.9,-2344,24.9,6.3,360,3.6,140,1.3,1105,110,21.2,74,87,25.2,1004.2,1007.3,1005.2,1006.2,13.8,3.8,26.6,20.3,91.729
SC,24.8,22.7,28.8,0.6,1.2,204,1.6,6.1,140,4.3,140,1.5,1268,140,22.6,74,87.9,27.4,1001.5,1005.2,1002.2,1003.5,13.8,7.3,28.9,23.8,93.673
SC,25.8,21.8,30.3,,,,,4.3,140,3.1,140,1.3,1149,110,20.5,57,73.6,24.2,1003.4,1007.1,1003.2,1005.4,13.8,12.6,29.9,21.6,114.71
SC,24.9,20.7,28.1,0.2,0.2,1722,0.3,3.7,160,2.2,360,1,875,20,22.7,75,87.5,27.7,1003.2,1006.5,1003.5,1005.2,13.8,3.4,27.7,22,164.769
SC,25.7,22.5,29.6,8.8,17.6,2121,20.5,6,290,3.3,180,1.3,1124,200,23.2,77,86.5,28.6,1003.8,1007,1004,1005.8,13.7,3.7,28.2,23.1,168.861
SC,28.4,24.2,32.5,0.4,1.2,119,1.8,13.9,290,5.3,230,1.7,1426,230,23,54,73.5,28.1,995.3,1004.3,992.4,997.2,13.7,0,26.8,25.1,158.687
SC,25.9,22.1,30.2,2.7,8.3,2022,25.3,6.8,250,3.4,110,1.8,1566,110,22.3,56,81.9,26.9,1001.1,1007.9,996.2,1003.1,13.6,6.4,28.4,23.6,166.71
SC,22.7,20.9,24.6,5.1,11.2,1050,28.5,5.5,140,4,110,1.1,990,270,21.3,84,92.3,25.3,1006,1008.9,1007.4,1008,13.6,0.5,26.2,22.3,122.632
SC,23.7,19.7,27.6,,,,,6.6,160,4.7,140,1.6,1417,140,21.2,75,86.6,25.3,1004.9,1008.4,1005,1006.9,13.6,10.3,26.7,21,169.98
SC,24.8,22.6,27.4,0,0,,0,6.3,340,4.7,340,1.1,942,90,20.5,60,77.8,24.2,998.5,1005.1,997.2,1000.5,13.5,0.7,25.9,22.5,170.594
SC,23.5,19.8,26.9,0,0,,0,5.8,360,3.5,20,1.4,1203,360,20.7,65,84.6,24.5,1001.3,1005.5,998.4,1003.3,13.5,3,26,20.9,148.926
SC,23.3,18.6,27.6,,,,,6.8,140,4.3,140,1.4,1234,140,20.3,73,83.8,23.9,1004.3,1008.4,1004.8,1006.3,13.5,12,26.9,20,143.318
SC,24.4,20.4,28.6,0.1,0.1,,0.1,5.8,160,3.8,160,1.1,920,110,21,64,82.3,24.9,1001.1,1005.6,1001.7,1003.1,13.4,4.8,26.7,21.9,142.51
SC,23.5,18.6,28.2,0,0,,0,8.3,340,5,360,1.7,1481,270,19.2,57,77.3,22.3,1004.8,1010.2,1002.3,1006.8,13.4,0.1,24.6,20,48.946
SC,21.5,18.5,26.2,0,0,,0,5.5,180,3.6,140,1.2,1071,270,18.2,67,82.3,20.9,1007.9,1012.4,1007.7,1009.9,13.3,3.4,23.9,20,58.763
SC,21.8,17.6,24.9,0.2,0.2,,0.6,5.6,230,2.9,230,0.8,727,250,17.7,59,78.6,20.4,1004,1007.7,1004.2,1006,13.3,0,23.6,19.2,60.183
SC,23.9,19.6,28.8,,,,,5.1,50,3,50,1.5,1319,270,17.5,43,68.5,20.1,1003.5,1006.8,1004.4,1005.5,13.3,11.3,26.9,18,7.952
SC,21.5,16.9,25.1,0,0,,0,7.6,290,4.9,20,2,1745,20,12.4,36,57.5,14.5,1007,1013.3,1004.7,1009,13.2,11.8,26.3,17.5,195.552
SC,20.8,15.8,25.7,,,,,3.5,270,2.6,270,1.6,1390,270,13.8,47,65.1,15.9,1014.1,1017.3,1013.2,1016.1,13.2,10.7,26.7,15.9,4.309
SC,19,18.2,19.8,1.2,5.1,1838,34.7,7.1,20,3.9,50,1.2,1001,20,17.7,76,92.9,20.3,1010.8,1016,1010.5,1012.8,13.1,0,22,19.7,203.734
SC,19.5,17.2,22.8,1,4.3,250,20,6.9,20,4.1,20,2,1718,340,17.6,76,89.9,20.2,1008.2,1011.9,1008.8,1010.2,13.1,0.9,22.5,18.4,177.032
SC,21,15.6,26.1,,,,,6.3,140,4.2,140,1.7,1497,140,17.3,64,80.4,19.9,1012,1016.7,1011.7,1014.1,13,11.6,24.2,16.9,128.8
SC,21.5,16.3,26.1,0.5,0.9,923,0.9,4.8,110,2.6,160,1.2,1059,270,17.8,64,80.3,20.4,1017.1,1020.4,1016.8,1019.1,13,7.3,24.7,18,222.18
SC,21.4,17.4,25.9,,,,,6.5,160,4.1,140,1.4,1228,140,17.6,57,80.1,20.2,1015.8,1019.5,1017.1,1017.8,12.9,8.8,25.4,18.5,157.78
SC,20.3,18.5,21.9,1,3.3,1003,10.8,6.5,340,3.6,360,1.2,1053,160,19.2,85,93.4,22.2,1008.9,1017.3,1005.3,1010.9,12.9,0,22.7,19.9,93.38
SC,18.7,17.3,21.1,3,11.4,1946,119.4,9.1,20,6,360,2,1700,290,18,93,95.6,20.6,1007.2,1010.9,1007,1009.3,12.9,0,20.8,17.3,9.66
SC,21.1,17.1,27,4.3,13.2,210,87.6,11.6,360,6.8,20,3,2612,290,14.8,35,71.6,17.3,1001.6,1009.7,999.2,1003.6,12.8,6.5,21.3,16.9,12.88
SC,22.8,18.3,29.2,,,,,8.7,290,5.3,290,1.7,1511,290,13.3,32,56.5,15.4,1013.2,1017.7,1009.6,1015.3,12.8,12.2,23,15.3,247.94
SC,21,17,25.5,,,,,5.4,360,3.6,20,1.5,1253,270,16.5,54,76.3,19.1,1016.7,1019.9,1017.5,1018.8,12.8,12.2,23.9,16.1,206.08
SC,19.9,14.8,25.6,,,,,4.3,140,3,140,1.4,1188,270,16.1,61,79.5,18.5,1017.4,1021,1018.3,1019.4,12.7,11.3,23.3,15.7,170.66
SC,20.9,15.5,24.1,,,,,6.3,340,4.7,360,2.1,1779,360,16.8,70,77.9,19.4,1018.2,1021.7,1018.7,1020.2,12.7,4.2,23.1,16.4,151.34
SC,21.9,19.7,24.9,0.2,0.2,2122,0.2,4.8,360,3.6,20,1.3,1119,320,18.9,75,83.4,21.9,1014.8,1019.6,1015.2,1016.8,12.6,2.2,24.4,19.9,22.54
SC,21.7,18.9,26,,,,,4.3,140,3,140,1.2,1013,270,18.8,69,84.1,21.7,1012.9,1015.6,1014,1014.9,12.6,5.6,25.3,20.2,193.2
SC,22.1,19.4,24.1,,,,,4.4,360,2.8,360,1.2,1002,360,20,80,88.3,23.5,1016.7,1021,1014.9,1018.7,12.6,0,24.6,20.6,189.98
SC,22.6,20.6,25.7,1.4,3.5,2003,3.5,6.9,20,4.6,20,2.1,1785,360,19.8,69,85,23.1,1018.9,1022.4,1019.6,1020.9,12.5,5.1,25.7,21.2,173.88
SC,22.4,20.4,25.5,,,,,7.3,110,5.1,110,2.4,2045,110,18.1,67,77.1,20.8,1013.4,1019.6,1012.7,1015.4,12.5,6.7,25.7,21,135.24
SC,21.8,18.9,25.1,0,0,,0,5.9,140,4,140,1.4,1195,140,19.1,72,85.3,22.2,1008.1,1012.8,1008.3,1010.1,12.4,1.8,23.9,20.6,206.08
SC,22.9,20.8,26,0,0,,0,4.5,340,3,360,1.3,1141,110,20.8,77,88.1,24.5,1006.2,1009.7,1006.8,1008.2,12.4,7,26.8,21.8,218.96
SC,23,21.1,25.4,0.3,0.5,2238,0.6,6,360,4.2,360,1.6,1355,360,20.6,73,86.8,24.2,1004.5,1008.5,1003.8,1006.5,12.3,0.1,24.5,22.3,193.2
SC,20,16.9,22.3,5.3,14.6,857,40.4,14.8,50,8.6,50,4.3,3679,20,15.6,57,77,18.1,1003.4,1009.4,1001.8,1005.4,12.3,0.5,21.5,17.5,173.88
SC,15.9,11.6,19.9,0.2,0.4,1038,0.4,8.1,20,4.6,50,1.5,1338,250,10.1,46,70.5,12.5,1012.8,1017.2,1009.2,1014.9,12.3,2,18.3,13.7,164.22
SC,16.6,10.9,22,,,,,9.4,160,5.5,160,2.4,2047,160,10.8,45,70.8,13,1016.2,1019.8,1016.6,1018.3,12.2,11.4,19.5,12.2,3.22
SC,19.3,13.7,26.9,0,0,,0,14.8,270,6.3,270,2.2,1915,270,8.8,30,53,11.5,1008.1,1013.6,1005.6,1010.2,12.1,9.7,19.5,12.6,135.24
SC,18.9,14,26,,,,,12.8,290,5.4,290,2.5,2132,290,6.8,25,47.3,10.1,1012.5,1016.2,1011.6,1014.6,12.1,11.5,19.5,11.9,12.88
SC,18,13.1,22.8,,,,,3.6,110,2.6,110,1.2,1057,270,11.3,51,66.3,13.6,1014.1,1017.8,1015.1,1016.2,12.1,6.9,20.6,12.8,135.24
SC,18.2,13.6,23.3,,,,,3.5,50,2.8,50,1.3,1083,270,12.3,47,69.4,14.4,1014.4,1017.5,1015.4,1016.4,12,8.7,20.8,13.4,196.42
SC,18.2,13.7,23.8,,,,,4.8,140,3.1,140,1.5,1259,270,13.8,62,76.5,16,1014.8,1018.3,1015.9,1016.9,12,10.6,21.6,13.5,125.58
SC,18.2,12.7,23.6,,,,,5.5,140,3.6,140,1.3,1106,140,13.6,51,75.6,15.7,1010.9,1016.1,1011.1,1013,11.9,7.2,21.2,13,141.68
SC,19.8,14.9,25.8,,,,,4.9,140,3.3,140,1.5,1264,140,14.7,44,73.8,16.8,1011.3,1014.8,1011.7,1013.3,11.9,10.7,22.6,14.1,141.68
SC,21.5,13.8,27.5,,,,,6.9,160,5.1,160,1.6,1401,140,12.8,34,58.5,14.9,1012.1,1015.4,1012.7,1014.2,11.9,11.1,22.9,13.2,154.56
SC,23.4,18.1,29.9,,,,,4.8,140,3.6,140,1.4,1230,140,11.7,22,48.9,14,1013.8,1017.3,1013.6,1015.8,11.8,10.1,23.7,13.3,171.362
SC,19.3,17,22.4,0.9,2.8,2049,5,4.8,360,3.4,360,1.1,928,270,16.1,56,82.9,18.5,1015.9,1020,1015.3,1018,11.8,0.1,20.5,16.7,174.617
SC,18.7,16,21.2,2,7.9,2301,16.7,6,340,3.7,340,1,875,290,17.1,78,90.8,19.5,1009.9,1015.9,1007.6,1011.9,11.7,1,20.9,16.9,198.833
SC,15.5,12.5,19.7,3.8,11.2,853,76.8,12,50,7.4,70,3,2586,70,14.1,78,91.9,16.4,1013.1,1021.3,1007.1,1015.2,11.7,0,17.6,13.3,142.118
SC,12.1,11.6,13.3,3.5,11.4,504,68.2,10.3,90,6,110,2.7,2364,110,11,84,93.6,13.2,1020.4,1024.2,1021,1022.5,11.6,0,14,11.9,177.733
SC,12.5,11.7,14,6.5,14.4,527,65,10.3,110,7.2,110,2.3,2010,90,11.1,79,91.4,13.2,1019.6,1024.6,1019.1,1021.7,11.6,0,13.9,11.8,114.158
SC,11.9,9.9,14.2,3.1,9.3,739,38.2,10,20,6.1,20,2.4,2112,50,10.3,79,90.3,12.5,1019.5,1025.3,1018.3,1021.6,11.6,0,13.2,10.1,186.057
SC,13.6,8.9,18,,,,,8.3,140,5.2,160,1.9,1625,110,8.7,57,73.6,11.3,1023.8,1027.3,1024.7,1025.9,11.5,5.7,13.9,9,149.021
SC,13.5,9.9,19.2,0.3,0.5,1544,0.5,7.8,270,4.4,290,1.3,1134,270,9,49,75.3,11.5,1014.9,1025.2,1009.4,1017,11.5,1.5,14.4,10.4,182.363
SC,11.4,8,14.5,0,0,,0,19.8,290,8.6,270,3.9,3338,270,1.2,38,50,6.7,1005.2,1009.7,1003.7,1007.3,11.5,10.3,13.1,6.9,212.682
SC,12.8,7.3,18.9,,,,,10.8,270,4.7,270,1.7,1495,270,3.5,35,53.8,7.9,1016,1023.5,1009.4,1018.1,11.4,10.7,13.6,5.9,163.132
SC,13.7,8.5,19.2,,,,,4,20,3,20,1.6,1346,270,7.6,49,68,10.6,1025.1,1028.3,1023.5,1027.2,11.4,10.1,15,7.5,181.996
SC,12.5,11,14.4,0.9,2.8,338,6.5,7.4,70,3.6,90,1.1,962,290,10,69,85.3,12.3,1026.2,1029.3,1027,1028.3,10.8,0,13.5,11.5,3.494
SC,11.3,8.4,15.7,0.2,0.2,1637,0.2,5.6,110,3.3,110,1.2,1032,290,9.6,77,89.6,12,1026,1029.5,1027.2,1028.2,10.7,1.4,12.4,8.6,18.204
SC,11.9,8.9,15.5,0,0,,0,5.4,140,3.5,160,1.2,1074,270,9.6,75,86.1,12,1025.1,1028.3,1026.5,1027.2,10.7,0.5,12.8,8.7,10.257
SC,12.7,8.1,18,,,,,8.7,160,5.9,160,1.9,1646,160,8.5,57,77.1,11.1,1022.2,1026.9,1022.2,1024.3,10.6,7.3,12.6,7.8,44.581
CC,8.3,1,16.2,,,,,5.2,200,3.8,340,1.6,1401,340,-2,23,54.5,5.3,1019.6,1031.9,1025.5,1029,12.6,11.3,10.3,-1.6,224.661
CC,8,-0.6,15.8,,,,,6.8,230,4.8,230,1.5,1296,230,-3.3,20,51,4.8,1017.6,1029.6,1023.5,1027,12.7,11.4,10,-4.5,225.73
CC,8.7,-0.7,18.6,,,,,4.6,160,3,230,0.9,807,320,-3.5,14,49.8,4.8,1018.4,1030.3,1024.6,1027.8,12.7,11.5,10.8,-4.9,219.989
CC,9.8,0.2,19,,,,,7.4,230,4.5,200,1.6,1347,200,-1.6,19,50.5,5.4,1018,1030.7,1024.2,1027.3,12.7,11.6,11.7,-3.8,197.753
CC,10.4,0.5,17.9,,,,,7.2,250,4.9,230,1.8,1598,200,-3.6,19,43.1,4.7,1012.8,1026.6,1017.9,1022,12.8,10.7,11.9,-3.7,199.036
CC,12.4,3.8,19.3,,,,,6.5,270,4.2,290,1.6,1401,200,-3.1,17,36.8,4.9,1011.3,1023.4,1017.7,1020.4,12.8,9.7,12.7,-0.8,147.409
CC,12.7,7.3,18.6,,,,,8.2,270,5.9,230,2.5,2172,230,-2.7,21,36,5.1,1007.8,1020.5,1012.7,1016.9,12.9,10.8,15.7,1.5,199.602
CC,12.1,1.1,21.7,,,,,6.9,200,4.2,230,1.5,1283,230,-1.2,21,44.4,5.7,1009.9,1023.2,1015.2,1019.1,12.9,11.6,14.5,-3.5,181.824
CC,16.6,7.8,25.7,,,,,8.4,200,5.1,230,1.8,1544,230,4.5,25,48.3,8.4,1006.1,1017.1,1011.9,1015.1,12.9,10.3,18,4.1,209.567
CC,17.6,7.9,26.8,,,,,5.9,250,4.3,250,1.6,1350,200,3.4,17,46.4,7.9,1007.4,1019,1013,1016.3,13,11.2,18.7,2.9,227.463
CC,18.4,9.5,27.4,,,,,6.2,230,3.9,200,1.4,1238,230,7.9,29,53.8,10.7,1004.3,1017.4,1008.8,1013.2,13,11.3,20,4.8,198.206
CC,19.6,12.6,27.9,0.5,0.8,2325,0.4,5.8,200,4,70,1.7,1508,230,12,37,64.5,14.1,1001.5,1012.8,1006.3,1010.3,13.1,9.4,22.1,7.7,202.446
CC,10.5,8.9,14.2,1.3,2.9,442,7.9,8.8,20,5.6,50,3.4,2898,50,2.9,40,62.1,7.8,1008.6,1020.2,1011.6,1017.7,13.1,0,11.5,8.1,190.044
CC,11.1,8.7,14.4,,,,,7.8,70,4.4,50,3,2567,50,1.3,39,51.8,6.8,1011,1022.2,1018.3,1020.2,13.1,0.7,11.4,5.8,177.514
CC,10.8,3.6,19.8,0,0,,0,8.4,360,5.8,360,1.8,1541,320,1.6,18,57.6,6.9,1009.2,1021.9,1012.8,1018.3,13.2,10.1,13.3,-0.6,225.8
CC,12.2,3.2,20.9,,,,,7,250,4.6,250,1.8,1532,250,-0.5,17,49.3,6,1008.1,1020.4,1013.1,1017.2,13.2,12.2,15.4,-2.2,198.34
CC,13.4,2.6,23.1,,,,,7.2,230,5.6,250,1.4,1218,250,-2.4,12,39.5,5.2,1008.6,1020.2,1014.4,1017.7,13.2,11.9,16,-2.8,209.543
CC,15.1,9.4,23.1,,,,,8.4,250,5.6,250,1.6,1404,230,0,19,39,6.2,1008.3,1019.2,1013.9,1017.4,13.3,7.1,17.7,2.8,213.371
CC,14.3,4.4,23.4,,,,,6.8,290,4.4,230,1.7,1432,230,0.5,18,44.1,6.4,1008.1,1019.5,1013.8,1017.1,13.3,12,17.3,-0.9,205.125
CC,14.5,4.6,23.9,,,,,7.5,270,4.7,230,1.6,1371,230,0.9,19,46.3,6.6,1006.6,1018.9,1012.1,1015.6,13.4,12.1,18.2,-1,194.14
CC,14.8,4.8,23.3,,,,,8.1,270,4.8,250,1.7,1481,250,4,26,53.6,8.3,1003,1015.5,1008.5,1012,13.4,10.4,18.3,-0.3,206.036
CC,16.1,13.7,17.4,,,,,6.7,200,4.1,200,2.1,1839,180,9.4,50,65.8,12,1001.3,1012.3,1008.4,1010.2,13.4,0,16.3,9.4,131.3
CC,16.1,8.7,25.4,,,,,3.6,180,2.5,230,1,887,320,6.4,19,60.8,9.8,1003.4,1015.8,1008.7,1012.3,13.5,10.1,19.8,3,209.452
CC,17.6,8.8,26.2,,,,,6.9,230,4.3,230,1.5,1259,230,8.2,32,57.6,11,1002.3,1013.6,1007.7,1011.1,13.5,8.8,20.7,4,225.714
CC,20,13.9,25.5,0,0,,0,4.9,180,3.3,320,0.9,777,290,13.9,51,69.4,15.9,1002.3,1014.9,1007.3,1011.1,13.6,3.1,21.3,10.2,187.802
CC,22,16.4,30,0.5,1.4,341,1.6,7.2,250,4.7,230,1.9,1624,180,12.6,29,59.8,14.8,994,1007.9,997.3,1002.6,13.6,8.8,25.1,14.1,57.971
CC,17.4,9.6,25,,,,,6,270,3.7,250,1.6,1371,250,-0.7,11,34.1,6,1005.2,1017.7,1008,1014.1,13.6,11.8,22.4,4,276.209
CC,15.8,8.4,24.9,0,0,,0,8.3,70,5.6,50,2.3,1988,50,5.5,23,53.1,9.1,1008.2,1020.5,1013.3,1017.1,13.7,8.3,21,4.7,220.44
CC,11.6,8.8,15.4,0.9,3.5,147,18.6,6.6,70,4.6,90,2.2,1899,50,5.9,47,70.3,9.4,1009.2,1021.6,1016.4,1018.4,13.7,3.7,16.1,5.9,217.403
CC,11.2,7.5,16.5,0,0,,0,5.6,270,3.8,250,1.3,1137,230,6.1,51,72.5,9.4,1008.5,1021.8,1013.6,1017.6,13.7,0.4,12.4,4.4,215.352
CC,12,3.8,19.3,,,,,10.7,250,6.3,250,2.3,1988,230,1.5,21,56.6,7,1003.6,1016.5,1009.1,1012.7,13.8,11,14.7,-0.3,245.461
CC,12.1,5.2,18.9,,,,,5.6,290,4,290,1.1,974,320,2.5,23,58.5,7.4,1004.7,1017.5,1011.5,1013.8,13.8,9.2,14.3,0.5,256.622
CC,13.2,4.2,21.8,,,,,7.8,200,5,230,1.7,1453,200,2.6,22,55.5,7.4,1009.8,1020.7,1016.5,1018.8,13.8,12.7,16.6,-0.6,192.755
CC,16.3,5.3,26.1,,,,,7.5,230,4.5,230,1.6,1423,230,5,27,52.4,8.8,1010,1021.5,1015.7,1019,13.9,12.6,19.2,1,211.104
CC,17.6,8.7,26.6,,,,,5.3,160,3.9,200,1.4,1192,230,6.3,20,54.6,9.6,1009.7,1021.6,1015.2,1018.6,13.9,12.8,21.3,3.9,257.505
CC,19.2,9.9,26.3,,,,,5.9,270,3.8,230,1.6,1410,230,10,36,59,12.3,1007.4,1018.9,1013.4,1016.3,13.9,11.9,22.4,5.4,197.56
CC,18.9,14.9,23.6,0,0,,0,7.2,70,4.6,340,2.2,1915,230,7.1,20,50.5,10.7,1007.7,1020.6,1014.4,1016.5,14,6.2,21.3,11.8,270.634
CC,13.5,10.7,16.7,0.4,1.9,2013,3.1,5.8,360,4.3,360,1.5,1321,340,5,31,60.6,9,1011.4,1022.3,1018.2,1020.5,14,0,15.7,9.6,238.629
CC,15.6,8.8,24.6,,,,,7.3,20,4.9,50,1.8,1519,50,5.1,15,59,9.1,1010,1021.6,1015.9,1019,14,11.9,19.8,5.6,268.017
CC,16.9,8.2,26.4,,,,,5,340,3.4,340,1.3,1159,270,3.7,15,47.9,8.1,1007.8,1020.6,1012.9,1016.7,14.1,10,20.6,5.3,208.826
CC,19.8,13.2,26.1,0,0,,0,6.8,250,3.4,230,1.5,1298,230,8.6,32,50.8,11.2,1005.7,1016.6,1012.3,1014.5,14.1,10.4,24.5,11.5,166.749
CC,19.7,13.1,28,,,,,6.7,70,4,70,1.7,1476,50,10.4,27,57.9,12.7,1002.7,1015.1,1007.7,1011.4,14.1,8.9,24.9,9.3,176.94
CC,16.4,11,22.4,0,0,,0,7.3,50,5,70,2.4,2109,70,7.4,44,56,10.3,999.7,1010.8,1006,1008.6,14.2,3,21.3,6.1,251.031
CC,14.4,6,21.6,,,,,9.6,290,5.7,270,2.1,1792,250,1.1,14,48.1,6.9,1002.6,1015.5,1009.3,1011.6,14.2,12.4,19.9,0.9,263.699
CC,15.3,5.9,22.6,,,,,8,230,5.5,250,1.8,1577,230,1.1,20,42.9,6.7,1004.6,1016.6,1009.8,1013.5,14.2,13.2,21.3,0.6,248.636
CC,16.4,6.1,24.4,,,,,9.4,250,5.3,250,1.8,1559,230,4.7,28,49.3,8.6,1002.5,1014,1007.3,1011.4,14.2,12.8,21.4,0.8,216.969
CC,18.6,9.5,27.1,0.5,0.5,1601,0.5,8,230,4.2,230,1.3,1146,250,9.5,26,59.3,11.9,1004.3,1015.3,1010.8,1013.2,14.3,11.7,23.6,4.7,230.921
CC,19.1,11.6,25.9,0.2,0.2,,0.2,6.7,200,3.8,230,1.4,1194,180,10,36,59,12.3,1006.9,1018,1012.5,1015.8,14.3,6.6,21.1,6.9,206.519
CC,19.9,12.8,26.2,,,,,6.7,200,4.4,200,1.6,1365,230,8.8,28,51.5,11.4,1007.5,1017.9,1014.3,1016.4,14.3,10.2,23.7,7.9,202.579
CC,19.4,11.2,27.1,,,,,5.8,270,3.2,250,1.4,1167,200,8.6,33,52.6,11.2,1004.6,1017.1,1010.1,1013.4,14.4,11,23.8,6.3,297.048
CC,20.4,11.9,27.5,,,,,6.3,270,4.2,230,1.8,1530,180,12.1,38,61,14.2,1000.1,1012.1,1005.3,1008.8,14.4,11.9,25.3,7.9,255.107
CC,20,15.5,25.4,,,,,4,250,3.1,340,1.5,1257,200,14,50,69.8,16,999,1009.8,1005.7,1007.7,14.4,4.5,23.2,11.6,200.221
CC,22.4,14.8,30.3,,,,,4.5,230,2.7,230,1.4,1181,340,14.6,36,65.3,16.6,1003,1014.2,1009.4,1011.8,14.4,8.4,26.2,11.6,183.38
CC,23.1,15.4,31.2,,,,,4.7,230,3.1,230,1.3,1148,230,12,26,55.4,14.2,1004.8,1016.5,1010.4,1013.5,14.4,12.5,28,10.6,114.319
CC,20.6,13.4,28.3,4.3,6.3,2237,7.1,6.9,250,4.4,250,1.7,1428,250,11.8,30,61.9,14,999.5,1013,1004.5,1008.2,14.5,9.2,26,8.9,246.527
CC,18.8,13.2,23.9,0,0.5,-2331,0,9.3,200,5.6,230,2.4,2062,230,7.4,26,52.4,10.7,994.8,1006.5,1001.3,1003.6,14.5,12.4,21.1,9.9,218.418
CC,20.4,16.7,25.9,0,0,,0,8.6,270,5,290,2.7,2359,230,10.3,38,53.5,12.6,991.8,1004.2,998.7,1000.4,14.5,8,23.4,15.8,226.735
CC,21,12.4,30.2,,,,,8.9,270,5.3,250,1.7,1493,230,11.9,30,60.1,13.9,996.6,1007.3,1003,1005.3,14.6,12.4,25.2,7.9,190.995
CC,21.5,12.6,29.5,,,,,5,250,3.4,250,1.3,1125,340,12.2,27,58.6,14.3,996.7,1008.6,1002.2,1005.3,14.6,12.2,26.3,8.4,240.103
CC,19.6,16.3,23.4,0,0,,0,5.1,340,3.7,340,1.3,1102,230,15,54,75.6,17,993.8,1004.8,1000.1,1002.5,14.6,0,21.9,11.8,190.177
CC,19.3,11.4,27.7,,,,,9.3,250,6,250,1.7,1455,230,7.6,21,53.5,10.7,998.8,1009.6,1004.7,1007.6,14.6,12.9,24.3,6.2,236.435
CC,20.3,10.5,29.8,,,,,6.4,250,4.2,270,1.6,1412,200,6.5,18,45.4,9.8,997.2,1010.6,1002.2,1006,14.6,13.4,25.3,6.7,249.746
CC,21.4,11.8,29.3,,,,,5.7,230,4,230,1.7,1478,230,11.3,32,56,13.6,998.3,1008.9,1005,1007,14.6,13.5,26.2,6.9,187.571
CC,23.2,15.6,32.7,,,,,8.5,70,5.8,50,2,1750,70,13.7,21,60,15.7,1001.3,1013.3,1007,1010,14.7,12.8,29.3,12.6,154.572
CC,23.2,16.8,29.5,,,,,4.8,70,3.1,70,1.7,1427,340,14.8,41,60.8,16.8,1001.9,1013.8,1006.2,1010.5,14.7,7.1,27.7,15.4,175.277
CC,20.9,17.8,24.9,0.7,1.9,2033,3.2,5,20,3.3,90,1.5,1301,340,15.3,49,72,17.4,995.4,1008.2,1001.4,1004,14.7,0.1,22.5,16.7,216.707
CC,17.1,14,20.4,2.5,8.6,551,18.8,7,70,5.3,70,2.4,2094,360,12.4,52,75.9,14.6,994.6,1007.9,1000,1003.4,14.7,1.9,18.8,11.9,174.032
CC,17.6,12,22.3,,,,,6.4,70,4.1,70,2.1,1818,70,10.1,45,63.4,12.4,1000.1,1012,1007.6,1008.9,14.7,7.9,19.6,9.6,179.358
CC,19.6,13.9,25.6,0.2,0.2,,0.2,5.4,360,3.7,360,1.5,1261,50,11.5,42,61.4,13.7,1003.1,1013.8,1009.7,1011.9,14.7,8.5,22.8,12.2,217.149
CC,18.3,15.6,23.1,7.3,11.3,1651,12,5.2,320,3.7,50,1.4,1194,20,15.3,58,83.8,17.5,1005.2,1015.1,1012.9,1014,14.7,1.1,20.1,14.5,169.386
CC,20.2,16.8,25.2,0,0,,0,5.1,290,3.1,290,1,874,20,16.5,56,80.8,18.8,1005.7,1015.5,1012.3,1014.5,14.8,3.1,21.2,15.5,189.312
CC,21.8,16.7,29.7,0,0,,0,7.2,70,5.2,70,2.1,1853,70,15.2,40,68.4,17.3,1004.7,1015.2,1010.5,1013.4,14.8,11.3,24.3,15,160.798
CC,21.6,18.9,26.3,0.5,1.4,535,2.1,7.4,90,5,70,2.4,2038,50,14.8,48,66.5,17,1002,1012.6,1008.3,1010.8,14.8,4.8,22.4,17.4,193.073
CC,19.9,16.4,23.9,0,0,,0,10.2,20,6.5,70,3.1,2648,70,11.2,45,58.1,13.3,1001.9,1012.5,1009.3,1010.7,14.8,8.4,22.9,12.9,171.714
CC,16.7,14.5,18.5,1.6,6,256,18.2,4.3,50,3.2,20,1.1,985,320,15.3,61,92,17.4,998.4,1009.4,1005.9,1007.3,14.8,0,19.4,13.7,181.336
CC,20.4,17.3,24.1,1,3.6,151,7,4.5,250,2.7,200,1.3,1114,230,16.5,61,80,18.8,998.8,1009.1,1005.9,1007.5,14.8,4,22.1,15.4,128.698
CC,22.2,15.6,28.9,,,,,4.4,230,3.3,270,1.3,1151,270,17.4,53,76.9,20,999.6,1010.6,1005.5,1008.2,14.8,9.1,24.3,12.8,226.444
CC,24.1,20.7,27.1,,,,,5.1,160,3,230,1.4,1183,250,19.5,58,76.4,22.7,998.9,1008.9,1006,1007.5,14.8,3.2,25.3,19.7,187.894
CC,24.1,21.5,28.9,,,,,4.9,250,3.3,230,1.2,1051,230,20.1,58,79.3,23.5,999,1009.4,1006.1,1007.6,14.8,2.9,26.1,19.3,145.869
CC,25.8,20.5,32.1,,,,,4.1,250,2.7,250,1.2,1050,250,20.4,46,74.9,24,996,1007.1,1002.2,1004.6,14.8,9,29.8,18.9,212.688
CC,27,20.3,34.8,,,,,3.7,230,2.7,250,1.2,1024,290,20.1,29,70.4,23.7,995.1,1005.3,1001.1,1003.6,14.8,10,30.9,18,194.043
CC,27.1,21.9,32.8,,,,,4.9,270,3.2,250,1.5,1327,250,20.6,47,70.3,24.3,998.2,1008.4,1005,1006.7,14.8,7.5,30.8,19.5,181.412
CC,23.6,20.5,26,8.7,33.9,1851,111.9,6.4,230,3.9,160,1.2,1034,290,21.8,68,90.5,26.2,991.3,1007,994,999.9,14.8,0.5,24.8,18.1,194.741
CC,25.1,23.5,27.4,5.5,18.2,21,21.7,8.4,180,4.8,230,2.4,2066,200,20,61,74.8,23.5,988.4,1001,992.2,997,14.8,10.3,27,21.2,187.572
CC,26.8,21.2,32.4,,,,,5.9,250,3.7,200,2,1704,200,20.2,51,68.4,23.8,995.6,1007.2,1000.4,1004.1,14.8,9.1,27.8,19.1,110.541
CC,26.3,23.9,28.5,0.1,0.1,,0.1,5.8,160,3.4,200,1.2,1068,180,22.9,67,82.4,28,1000.1,1011.3,1005.3,1008.7,14.8,0.6,25.8,23.1,173.599
CC,26.4,24.6,29.1,3.3,5.1,142,13.4,5.2,200,2.9,160,1,852,180,24.4,72,89.3,30.5,998.7,1011,1004.3,1007.2,14.8,0,26.9,23.7,145.355
CC,26.6,24.7,28,2,2.7,1423,5.4,8.1,200,4.4,200,2.6,2273,180,22.2,69,77.5,26.8,993.9,1004.6,1000.9,1002.4,14.8,0,25,23.1,202.384
CC,25.6,24,27,9.8,15.2,1951,49.6,8.5,160,4.8,200,2.2,1890,160,23.6,73,89.5,29.3,995.7,1007.7,1000.3,1004.2,14.8,0,25.3,23,104.176
CC,22.2,20.6,24.7,5.4,20.4,1242,138.9,4.8,200,3.2,200,1,846,290,21.9,95,99,26.4,1002.8,1014.6,1007.5,1011.5,14.8,0,23.2,20.2,213.282
CC,26.1,20.7,31.5,0,0.1,,0,5.5,290,3.6,250,1.1,983,250,22.6,59,83.5,27.5,1006,1015.9,1012.9,1014.6,14.8,10.1,28,20.2,191.548
CC,27.2,22.3,33.8,,,,,4.8,360,3.4,250,1.4,1208,320,22.6,50,79.3,27.4,1004.5,1015.6,1010.1,1013.1,14.7,10,29.4,20.4,209.641
CC,28.3,22.2,34.7,,,,,5,230,3,230,1.4,1194,320,22.9,43,76,28,1000.2,1011.7,1005.8,1008.7,14.7,10.5,31.4,20.7,190.289
CC,27.8,23.9,34.9,0.5,0.6,1801,0.6,7.7,50,5,90,1.2,1074,320,24.4,55,84,30.5,997.3,1007.7,1002.9,1005.8,14.7,8,31.8,22.7,112.731
CC,27.6,24.1,34.2,2.6,3.9,1601,3.9,7.6,90,3.9,110,1,892,250,24.9,61,86.5,31.6,997.1,1007.7,1003.6,1005.6,14.7,5.2,31.5,23.4,208.796
CC,28.5,24.5,32.7,,,,,4.8,70,2.9,70,1.2,1040,50,24.5,64,80.5,30.9,999.3,1009.3,1006.1,1007.8,14.7,3.8,30,23.6,227.772
CC,28.2,25.5,31.8,3.1,6.5,103,15.9,4.9,160,3.1,160,1.2,1013,180,26,65,88.9,33.6,997.2,1008.6,1003,1005.7,14.7,2.1,29.8,24.9,194.991
CC,26.2,25.2,27.2,0.4,0.5,201,0.5,4.5,230,2.9,230,1.2,1050,230,23.5,76,85.1,28.9,994.3,1003.8,1001.6,1002.8,14.7,0.7,27.9,24.3,92.567
CC,27.9,24.5,32.7,,,,,3.8,250,2.6,250,0.8,710,230,24.7,61,84.4,31.1,993.9,1004.2,1000.9,1002.4,14.7,5.1,30.4,24.1,100.605
CC,28.9,24.1,34.8,5.2,13.3,2259,13.4,5.3,90,3.3,70,1.4,1182,20,24.1,49,78.1,30,996.2,1006.8,1002.5,1004.6,14.6,9.5,31.5,22.9,171.604
CC,25.9,20.9,30.5,,,,,4.7,320,3.1,20,1.5,1333,340,21.3,56,77.6,25.4,999.9,1010,1006.9,1008.5,14.6,7.5,28.2,19,190.923
CC,25.3,21.7,30.3,0.6,2.2,229,3.1,5.3,250,3.3,230,1.2,1032,320,22.5,65,85.8,27.3,991.3,1001,998.8,999.9,14.6,6.3,28.2,20.6,189.582
CC,25.4,21.4,31.4,0,0,,0,6.5,200,3.8,230,1.2,1026,290,22,55,83.3,26.4,991,1001.8,997.3,999.5,14.6,8,28.5,19.3,215.017
CC,25.2,23.2,29.5,0,0,,0,4.9,230,3,230,1.2,1041,200,22.8,65,88,27.8,992,1002.1,998.9,1000.5,14.5,3,27.6,21.5,199.893
CC,26.1,22.7,31.1,,,,,4.6,250,3.2,250,1.1,956,230,22.8,59,84.1,27.8,991.3,1002.1,997.1,999.7,14.5,6,28.3,21.3,192.367
CC,26.9,24,30.8,0.5,0.6,2146,1.3,5.2,230,3.5,230,1.2,1068,230,23.4,61,82.6,28.8,997.7,1007.7,1005.2,1006.2,14.4,3.1,28.9,22.8,207.44
CC,22.7,20.4,25.3,3.4,13.2,250,42.4,5.3,250,3.4,320,1.8,1536,320,21.4,80,92.8,25.5,994.2,1005.5,1000.9,1002.8,14.4,0,24.9,20.2,196.678
CC,24.8,22.4,28.8,1.5,6.1,2217,15.3,4,340,2.6,340,1,896,290,22.6,62,89,27.5,997,1007.4,1003.3,1005.5,14.4,1.7,27.3,21.1,204.831
CC,27.2,22.4,32.8,,,,0,4.8,230,2.7,250,1.4,1168,320,22.5,53,78,27.4,1000,1010.4,1005.8,1008.6,14.3,13.3,29.7,20.4,119.516
CC,27.6,22.3,33.8,,,,,3.8,250,2.8,320,1.2,1029,320,23.7,53,81.4,29.3,1001.3,1011.8,1007.9,1009.9,14.3,9.7,31.6,21.1,86.861
CC,28.2,24.1,33.1,,,,,5.6,360,2.9,50,1.4,1238,20,22.4,50,72.8,27,1001.8,1011.7,1008.4,1010.3,14.3,7.6,31.6,22.2,205.386
CC,28.1,22.5,33.7,,,,,5.1,50,3.3,340,1.7,1491,290,23.3,57,76.8,28.7,1003.1,1013.1,1009.7,1011.6,14.2,10.6,32.6,20.5,199.69
CC,29.1,25,34.9,0,0,,0,6.4,180,3.8,160,1.7,1473,340,25.5,55,83.1,32.7,1001.8,1012.9,1007.4,1010.3,14.2,9,33.3,23.9,143.358
CC,26.6,25.4,28.1,2.2,5.1,2112,19.8,4.3,340,3.1,340,1.5,1302,340,25.8,81,96.4,33.3,999.1,1009.7,1006.5,1007.6,14.1,0.1,28.2,25,39.833
CC,27.4,25,31.1,1.8,8.3,511,19.6,3.3,320,2.5,320,0.9,771,320,26.2,74,93.9,34,998.3,1008.2,1005.8,1006.8,14.1,2,29.4,25,106.56
CC,26.7,25.8,28.7,6.4,10.4,1022,47.1,3.4,230,2.1,160,0.8,689,90,26.4,85,99,34.4,1000.3,1010,1006.5,1008.9,14.1,0.2,28.3,25.5,94.786
CC,26.9,25.2,28.8,5.1,14.2,105,23.6,5.3,160,3.4,160,1.3,1102,160,25.7,82,93.8,33,1001.4,1011.3,1008.7,1010,14.1,0.7,27.7,25.1,192.833
CC,28.8,26.1,32.7,0,0,,0,4.3,250,2.8,200,1.3,1087,230,25.2,63,82.3,32.1,1000.6,1011.3,1007.2,1009.1,14,7.6,31.2,25.3,199.351
CC,29.1,24.9,33.1,0.1,0.1,,0.1,5.3,250,3.5,230,1.2,1036,230,25.1,65,80.9,31.9,997.6,1008.5,1003.3,1006.1,14,8.1,31.8,23.9,189.711
CC,28.2,25.4,33.3,2,2.2,1501,2.2,7.4,250,4.3,250,1,874,320,26.3,67,91,34.3,997.7,1007.3,1004.4,1006.2,14,3.2,30.9,24.8,202.416
CC,27.4,25.1,31,12.3,26,1554,26.2,5.9,200,3.7,200,0.7,625,250,26,74,93,33.7,997.9,1007.7,1004.8,1006.5,13.9,1.4,29.4,24.3,201.52
CC,25.7,24.1,27,14.2,39.8,1841,110.2,7.4,270,3.7,160,1.3,1113,160,25.5,89,99.1,32.6,997.4,1006.8,1005,1006,13.9,0,26.4,24.2,200.786
CC,24.6,22.9,27.1,15.7,20.7,2257,107.3,7.6,290,4.7,290,0.9,806,160,24.4,87,98.9,30.5,997.3,1007.5,1003.4,1005.9,13.9,0,25.9,23.1,148.538
CC,25.3,21.5,30.3,0.3,1,3,1.1,4.9,180,3.3,200,1.3,1159,250,22.2,59,84.1,26.8,997.3,1007.1,1004.8,1005.9,13.8,8.1,29.1,21.5,227.841
CC,25.7,23.1,29.6,4.2,13.4,513,26.1,4.5,230,2.6,230,1,836,180,23.7,68,90,29.3,995.5,1006.1,1002.7,1004.1,13.8,3.9,28.5,22.9,192.204
CC,26.9,22.7,32.6,,,,,3.9,340,2.8,340,1.3,1122,320,22.6,52,80.4,27.5,997.7,1007.4,1004.2,1006.3,13.8,10.9,30.7,22.3,191.304
CC,24.5,22.3,25.9,1,3.9,1948,6,3.9,340,2.8,340,0.9,744,290,23.9,85,97,29.6,997.6,1007.6,1004.9,1006.2,13.7,0,26,22,186.102
CC,26.5,23.9,30.7,5.6,13,1942,21.5,6.8,200,4.6,200,0.8,699,250,24.9,69,91.9,31.5,997.3,1007.3,1004.6,1005.9,13.7,1.5,28,24.5,199.733
CC,27.5,25.2,30,13.3,33.7,1857,35.1,8.7,230,5.8,180,2.5,2180,200,24.5,70,84.6,30.8,991.7,1005.3,995.8,1000.2,13.7,0,26.7,24.8,194.295
CC,27.4,23.6,31.6,,,,,5.5,250,3.2,230,2,1703,230,22.5,55,76.5,27.4,994.6,1006.5,999,1003.1,13.6,12.5,29.7,23,201.701
CC,24.6,21.8,30.4,0.2,0.2,,0.2,7.5,20,5,340,1.5,1308,320,22.2,59,88.1,26.8,998.3,1008.3,1004.2,1006.9,13.6,7.5,28.6,20.8,198.488
CC,25.2,21.2,29.9,,,,,4.5,230,3,250,1.1,982,250,22,60,84.1,26.5,999.1,1009.2,1006.5,1007.7,13.5,6.9,28.3,20.5,189.438
CC,24.6,22.3,26.8,4.7,15.5,1720,28.4,4.4,200,2.8,180,1,835,200,22.9,71,91.8,28,994.3,1006.9,999.5,1002.8,13.5,0.5,26.2,21.4,176
CC,27.7,24,32.7,,,,,5,70,3.6,70,1.4,1250,50,23.7,53,80.9,29.4,993.4,1004.8,999.5,1001.8,13.5,10.6,30.4,22.9,191.42
CC,26.5,22,32.8,,,,,4.3,340,3,340,1.3,1150,250,22,46,79,26.5,996.9,1007.5,1003.7,1005.5,13.4,10.8,30.2,20.3,184.99
CC,26.1,22.4,31.6,,,,,5.1,70,3.6,50,1.5,1337,230,21.2,52,75.8,25.1,997.5,1008.7,1004.3,1006.1,13.4,7.6,30,20.6,203.64
CC,23.7,20,28.2,,,,,4.9,340,3.6,340,1.9,1616,340,19.2,57,77.3,22.3,1000.2,1010.8,1007.1,1008.8,13.3,3.4,26.7,19.5,196.4
CC,21.4,19.4,24,0.3,0.5,1136,0.9,4,230,2.3,200,0.9,743,230,20,80,92.4,23.4,999.3,1009,1006.4,1008,13.3,0.2,23.5,18.1,199.06
CC,23.6,18.7,29.3,,,,,5.7,270,3.3,230,1.2,1024,230,19,55,77.6,22,998.5,1008.7,1004.5,1007.1,13.3,8,28,17.4,179.2
CC,21.2,16.3,26,0,0,,0,5.5,250,3.6,230,1.7,1434,290,14.6,40,69.8,16.8,1001.3,1014.1,1006.5,1010,13.2,12.1,27.2,13.9,189.41
CC,20.8,13.7,28.2,,,,,4.8,50,2.6,270,1.4,1168,320,15.7,44,76.4,17.9,1006.8,1017.7,1013.7,1015.5,13.2,11.2,26.6,12,180.81
CC,19.9,18.6,21.7,0.2,0.5,918,1.7,3.2,340,2.3,320,0.9,787,320,18.1,66,90.4,20.8,1008,1018.3,1015.6,1016.8,13.1,0,22.2,19,190.63
CC,18.9,18,19.9,0.8,3.4,750,31.1,4,320,2.9,340,1.2,997,340,18.7,92,99.5,21.6,1003.6,1016.6,1009.6,1012.4,13.1,0,20.9,18.5,181.81
CC,20.6,18.1,23.9,0.8,1.8,-2335,3.3,3.9,340,2.6,340,1,838,340,19.3,72,93.3,22.4,1000.7,1012.3,1008,1009.4,13.1,0,22.1,16.1,187.15
CC,22,16.9,29.4,,,,,4.8,340,3.5,340,1.1,921,320,18.5,45,83.4,21.3,1005.4,1016.5,1012.2,1014.2,13,8.9,24.7,15.2,188.5
CC,22.5,17.5,28.3,,,,,7,50,4.6,50,2.6,2246,50,16.9,49,73.4,19.2,1008.8,1019,1015.6,1017.5,13,12,25.9,15.8,188.5
CC,22,16.8,26.9,,,,,6.4,70,4.6,50,2.6,2260,340,16.6,59,72.9,18.9,1007.4,1018.7,1014.4,1016.1,12.9,5.5,23.9,15.3,185.6
CC,20.8,18.6,22.1,4.4,15.8,2152,38.4,5,340,3.7,340,1.4,1181,340,19.7,73,93.9,23.1,1002.1,1016.1,1007.5,1010.8,12.9,0,22,18.5,182.7
CC,19.7,17.5,23,4,17,1930,166.4,4.9,340,3.1,360,1.5,1283,340,19.5,98,99.9,22.9,999.5,1009.9,1006.2,1008.2,12.9,0,20.7,17.1,182.7
CC,19.9,12.9,28,,,,,4,320,2.8,320,0.9,771,290,14.7,37,77.3,16.8,1008.5,1019.8,1013.5,1017.3,12.8,11.6,22.7,10.4,194.3
CC,20.6,14.9,28.9,,,,,3.4,340,2.3,340,1.2,1018,340,16.2,35,80.1,18.5,1010.1,1021.2,1016.1,1018.9,12.8,9.2,24,12.5,197.2
CC,21.3,15.8,29.6,,,,,5.3,70,3.4,70,1.5,1272,340,15.5,34,74.3,17.6,1009.8,1020.5,1016.3,1018.6,12.7,9.6,24.8,14.2,179.8
CC,21.7,15.3,27.9,,,,,6.3,70,3.9,70,2.5,2153,340,15.9,46,71.8,18.2,1010,1021,1016.4,1018.8,12.7,7.8,24.3,14.7,188.5
CC,22.1,18.6,26.1,0.2,0.3,1701,0.3,4.9,340,3.3,70,1.9,1626,340,18.9,60,83.5,21.9,1007.2,1018.6,1013.8,1015.9,12.6,2.7,24.3,17.6,188.5
CC,22.9,19.4,28.1,,,,,4.7,340,2.4,340,0.8,722,250,20.3,61,87,23.9,1006.3,1016,1013.5,1015,12.6,5,25.6,18,197.2
YW,7.1,-0.2,16.5,,,,,5.1,200,3,340,0.8,674,270,-1.6,25,61.1,5.5,999.6,1032.1,1026,1029.1,12.6,7.4,9,-2.5,65.977
YW,7.2,-0.4,14.6,,,,,6.8,230,3.7,250,1.1,973,270,-5.1,14,50,4.4,997.7,1030,1023.1,1027.2,12.6,11.7,8.3,-2.7,105.764
YW,8.3,-0.9,18.8,,,,,5.2,290,2.7,270,0.7,644,70,-4.7,12,46.9,4.4,998.4,1030.7,1024,1027.7,12.7,11.7,9.3,-3.5,62.695
YW,9.6,0.1,18,,,,,8.3,230,4.1,250,1.2,1052,250,-3,15,46.9,4.9,998.2,1031.4,1023.9,1027.4,12.7,11.7,10.2,-3.3,13.473
YW,10.2,-0.4,18.5,,,,,7.7,230,4.8,250,1.5,1257,250,-5.1,15,41,4.3,993.1,1027.1,1017.6,1022,12.8,9.7,10.4,-3.7,40.441
YW,12.2,2.9,21,,,,,10.1,270,5.5,270,1.4,1181,320,-2.7,16,38.9,5.1,991.4,1023.8,1016.6,1020.1,12.8,10.6,13.3,-1.5,32.27
YW,11.6,6.9,17.9,0,0,,0,11.1,270,6.1,250,2.1,1775,250,-1.6,22,42.9,5.5,988.2,1020.8,1012.4,1016.9,12.8,9.1,13.7,1.5,50.646
YW,11.6,0.6,21.4,,,,,7.6,230,4.9,230,1.2,1058,250,-2.5,17,42.8,5.1,990.6,1023.9,1015.1,1019.3,12.9,12,13.8,-3.9,86.203
YW,16.1,5.3,24.7,,,,,8.9,250,4.6,230,1.5,1297,250,2.8,24,45.1,7.5,987.3,1018.2,1011.5,1015.4,12.9,10.2,16.8,1.4,156.133
YW,17.3,7.2,27,,,,,6.4,270,3.5,290,1,830,290,1.2,12,41.9,6.9,988.2,1019.5,1012.2,1016.2,12.9,11.4,18.6,2.1,81.209
YW,18.1,8.7,27.3,,,,,6.6,250,4.4,250,1.1,980,270,5.6,20,47.5,9.1,985.3,1017.8,1008.4,1013.2,13,11.4,20.5,4.6,34.29
YW,20.3,11.6,28.5,,,,,7.7,200,4.8,270,1.2,1035,250,8.9,26,51.8,11.4,982.4,1013.2,1006.6,1009.9,13,9.6,22.5,7.5,32.287
YW,9.6,7,20.1,0.5,1.6,1337,8.2,10.5,110,5.8,90,2.5,2189,90,6.6,57,82.4,9.8,988,1020.6,1009.6,1016.9,13.1,0,11.1,6.6,34.982
YW,8,6.6,9.9,0.6,2.3,608,7.1,9.9,110,5.5,90,1.9,1609,20,4.1,60,77.4,8.2,991.1,1021.7,1018.7,1020.2,13.1,0,8.6,6.2,28.645
YW,11.1,6.2,21.1,,,,,7.7,50,4.4,50,1.6,1403,90,1.2,26,53.5,6.7,989.1,1021.4,1012.3,1017.8,13.1,9.1,11.7,2.9,61.09
YW,10.7,1.2,19.8,,,,,7.6,270,3.7,250,1.2,1068,250,-2.3,17,48.3,5.3,988.6,1020.9,1013,1017.3,13.2,12.3,12.3,-0.6,90.419
YW,12.6,1.3,21.8,,,,,6.7,250,3.7,250,1,835,270,-3.2,10,39.4,4.9,989.4,1020.7,1014.7,1017.9,13.2,11.7,14,-1.3,64.7
YW,14.4,7.3,21.8,,,,,7.2,270,3.8,250,0.8,720,250,-1,19,38.8,5.8,989.3,1020,1014,1017.7,13.3,6.4,15.1,3.2,33.983
YW,13.9,3.5,23,,,,,8.6,360,4.2,290,1.2,995,270,-1.3,13,40.9,5.6,988.8,1020.2,1013.6,1017.2,13.3,12,15.4,-0.4,50.318
YW,14.1,4.2,23.8,,,,,8.2,270,4.7,270,1.1,971,270,-1.3,11,41.9,5.7,987.5,1019.6,1011.7,1015.8,13.3,12,16.7,-0.3,20.489
YW,13.4,4.4,21.7,,,,,7.5,270,3.6,250,1.1,931,250,0.8,21,46.8,6.5,984.3,1016.3,1009,1012.6,13.4,8.3,14,-0.2,63.749
YW,16,8.5,22.5,,,,,7.3,290,4.2,270,1.4,1188,270,8.2,43,60.9,11.1,982.3,1012.9,1006.7,1010.2,13.4,1.3,15.1,4.5,89.044
YW,17.1,9.6,24.9,,,,,6.2,270,2.8,290,0.8,685,290,4.7,14,50.4,8.9,984.2,1015.2,1008.7,1012.1,13.4,8.9,18.8,5.5,51.987
YW,17.5,8.9,27.2,,,,,7.3,250,3.7,250,1.1,975,250,5.9,22,50.9,9.3,983,1013.9,1006.9,1010.8,13.5,9.2,21,4.7,80.587
YW,19.3,10.8,29.3,0,0,,0,6.2,200,3.8,180,0.9,743,160,9.1,21,56,11.7,983.4,1015.1,1007.5,1011,13.5,5.6,21.4,8.4,23.96
YW,17.8,14.3,22.8,0.9,2.1,614,7.4,6.5,110,3.7,110,1,878,290,14.4,63,82,16.4,975.3,1008.5,999.7,1002.8,13.6,2,19.1,13.8,45.689
YW,17.1,9,24.4,,,,,5.9,230,3.6,140,1.4,1211,290,5.8,23,50.6,9.2,985.8,1018.3,1006.7,1013.7,13.6,11.3,19.4,6.5,57.113
YW,16,8.6,26.5,,,,,8.2,50,4.7,50,1.7,1504,110,6.9,25,60,10,988.5,1020.6,1012.2,1016.7,13.6,8.5,20.5,6.5,55.583
YW,10.6,7,14.8,0.5,2.1,512,8.1,9.9,70,5.3,90,2.2,1919,50,4.3,41,67.1,8.3,988.9,1021.8,1015.3,1017.7,13.6,2,14.1,8,67.729
YW,12.1,8.3,16.7,,,,,8.1,270,4.4,290,1.3,1159,250,5,42,63.6,8.7,988.8,1021.7,1012.9,1017.4,13.7,2.5,15,8.2,67.877
YW,11.9,4.6,18,,,,,12.2,270,5.9,250,1.7,1484,250,-0.6,17,48.8,6.1,984.6,1016.1,1009.6,1013.1,13.7,10,14,2.4,47.724
YW,10.3,4.4,19,0.3,0.3,1625,0.3,11.8,340,5.8,340,1.3,1138,90,2.4,22,63.4,7.4,985.6,1019,1011.1,1014.4,13.8,6.4,13.2,1.5,48.308
YW,12.1,3.6,20.7,,,,,9.5,270,4.6,250,1.3,1089,270,1.9,22,58.1,7.1,990.6,1021.7,1016.4,1019.3,13.8,10.4,16.7,1.2,39.081
YW,16.4,4.9,25.8,,,,,6.9,230,4.4,230,1.3,1143,270,4.5,23,52.1,8.5,990.9,1022.2,1015.4,1019.1,13.8,11.6,20.5,1.3,70.134
YW,17.4,7.8,26.5,,,,,6.8,230,3.4,230,1,846,250,4.8,15,52,8.8,990.5,1021.8,1014.9,1018.5,13.9,11.5,22.6,3.9,131.484
YW,17.7,7.6,26.4,,,,,6.3,230,3.1,270,0.9,757,250,8.5,34,59.5,11.2,988.4,1019.7,1012.9,1016.4,13.9,11.2,23.6,4.1,112.958
YW,15.8,10.9,22.2,0,0,,0,7.2,70,3.8,230,1.3,1093,250,7.2,33,60.6,10.6,988.8,1020.9,1013.8,1017,13.9,5.7,20.7,6.2,128.509
YW,12.8,7.8,17.5,0.2,0.4,2255,0.4,4.3,140,2.2,90,0.6,531,90,3.4,29,55.5,7.9,991.4,1023.1,1016.9,1020,13.9,0,15.2,4.3,110.585
YW,15.6,9.6,26,0.4,1.1,-2338,1.1,10.2,90,5.2,90,1.3,1152,90,3,12,53.3,8.1,990.4,1020.9,1015.1,1018.6,14,11.1,21.8,5.3,55.045
YW,15.9,5.7,26.2,,,,,6.6,180,3.7,180,1,838,160,1.3,12,44.9,6.8,988.8,1021.4,1012.7,1017,14,9.3,21.5,2.3,33.12
YW,18.1,9.9,26.7,,,,,6.5,250,2.7,250,0.9,755,250,6.8,28,50.5,10,987,1017.5,1012.2,1014.8,14,8.2,24.6,6.6,35.054
YW,19.8,13.1,29.6,,,,,6.1,90,3.7,90,1.2,1029,90,11.3,34,60.6,13.4,983.2,1015,1007.4,1010.8,14.1,4.2,22.4,11.6,30.684
YW,15.6,12,24.2,0.9,2.9,1635,6.6,4.9,90,3.3,90,1.1,982,90,11.3,45,77.5,13.4,980.3,1010.3,1004.7,1008.3,14.1,1.1,17.8,11.3,77.332
YW,13.9,9.7,20.3,,,,,10.4,230,5.2,250,1.6,1352,250,3.9,22,57.8,8.4,983.4,1015.7,1008.8,1011.6,14.1,9.8,18.5,6.9,105.36
YW,14,5.2,21.9,,,,,7.3,250,3.8,270,1.2,1075,270,0.1,15,45.5,6.3,985.2,1016.8,1009.7,1013.5,14.2,12.2,20.4,3.9,102.51
YW,14.5,4.2,23.9,,,,,7.9,270,3.7,250,1.1,922,270,1.8,21,48.4,7,983.9,1015.3,1007.7,1012.1,14.2,11.7,20.9,0.8,73.87
YW,16.2,6.9,27.1,0,0,,0,11.2,250,5,250,1.2,1044,250,5.1,17,55.3,8.9,986,1017,1010.7,1014.1,14.2,10.5,22.5,3.2,59.478
YW,18.8,8.8,26.5,,,,,9.3,250,4.9,250,1.4,1220,270,6.3,22,50.8,9.7,988.8,1019.5,1013.1,1016.7,14.2,8.7,23.6,5.3,26.278
YW,19.3,13,24.6,,,,,9.3,270,4.1,270,1.4,1245,250,3.2,22,36.5,7.7,989.1,1018.8,1014.8,1016.9,14.3,6.3,22.3,9.3,30.243
YW,18.3,11.1,27.3,0,0,,0,7,290,3.5,250,0.8,694,250,6.7,19,50.5,9.9,985.7,1017.5,1009.8,1013.5,14.3,8.8,25,8.4,78.144
YW,19,10.3,27,,,,,7.1,290,3.7,270,1.2,1019,270,10.6,35,61.3,12.7,981.2,1012.5,1004.8,1008.9,14.3,10.5,25.1,6.6,124.526
YW,19.6,12,27.3,,,,,5.9,230,4,250,0.9,817,290,12.7,41,67.1,14.7,979.9,1009.6,1004.8,1007.4,14.3,9.4,24.6,8.4,81.529
YW,21.4,13.2,30.4,,,,,6.4,270,3.3,270,0.9,808,270,12.6,25,62.9,14.6,984.1,1014.2,1009.3,1011.6,14.4,10.3,28.5,9.6,58.452
YW,22.3,14.2,32.1,,,,,5.1,230,2.9,250,0.8,690,270,10.2,20,52.9,12.6,985.7,1016.8,1009.7,1013.2,14.4,11.8,29.6,10.4,48.076
YW,21.4,12.5,30,0,0,,0,7.3,270,4.2,270,1.4,1197,270,10.1,24,53.3,12.4,980.5,1013.1,1003.9,1007.8,14.4,10.4,27.8,9.1,71.042
YW,18.4,13.4,24.1,0.8,1.9,141,2.1,9.3,250,4.5,270,1.7,1476,270,6.7,27,50.9,10.2,976.3,1006.5,1001.2,1003.8,14.4,11.6,24.1,11.2,55.75
YW,18.5,14.6,23.6,,,,,8.1,290,4.5,270,1.8,1575,270,8.4,32,53.4,11.2,973.2,1005,998.1,1000.7,14.5,4.2,22.1,9.6,104.897
YW,20.2,10.1,29.8,,,,,7.6,250,3.9,250,1.2,997,250,9.9,27,56.8,12.2,978.2,1008,1003.5,1005.7,14.5,12.1,26.9,5.9,89.868
YW,20.7,10.6,30.9,,,,,5,360,2.8,360,0.8,674,320,7.7,19,49.5,10.5,977.8,1009.3,1001.3,1005.2,14.5,12.1,26,6.7,83.897
YW,20.5,15.7,27.7,0,0,,0,6.9,290,3.8,270,1.2,1034,270,11.7,34,58.8,13.9,974.5,1004.6,998.8,1001.7,14.5,0.6,25.2,12.8,47.047
YW,20.5,12.7,27.7,,,,,10.7,270,4.6,270,1.7,1479,270,5.9,18,44.1,9.5,979.8,1009.8,1003.3,1007.3,14.5,12.5,28.5,8,56.594
YW,21,10,30,,,,,9,230,4.3,230,1.3,1138,250,3.6,11,39.3,8.2,978.6,1011.3,1001.2,1006,14.5,12.6,29,6.8,124.493
YW,20.6,9.6,31.6,,,,,7,250,3.3,250,1,875,270,7.4,15,48.3,10.5,979.6,1009.6,1004.3,1007,14.6,12.5,29,5.6,75.704
YW,22.1,13.2,33.9,,,,,7,90,3.9,70,1.2,1044,90,11.5,19,56.9,13.7,982.6,1013.3,1006.3,1010,14.6,11.7,31.5,10.2,94.657
YW,22.5,14,32.2,,,,,6.4,140,3.5,140,1.2,1071,50,12.7,31,57,14.7,983.3,1014.4,1007.3,1010.6,14.6,8.1,29.1,11.6,163.096
YW,19,16.6,23.3,0.6,1.1,1707,1.2,8.2,160,4.9,110,1.9,1636,110,12.6,34,69.6,14.9,976.7,1008.6,1000.7,1004.2,14.6,0,20.7,16.4,217.417
YW,16.9,12.7,21.8,0.4,0.9,704,1.3,9.3,110,4.8,20,1.7,1429,70,11.7,47,73,14,974.5,1007.4,999.2,1002.1,14.6,2.1,19.5,9.7,150.705
YW,16.2,9.1,27.8,0,0,,0,7.2,50,3.7,20,1.6,1408,70,9.2,32,65.9,11.6,980.7,1012,1006.4,1008.6,14.6,4.9,20.3,6.8,53.121
YW,18.3,14.1,25.5,,,,,3.8,20,2.1,90,0.9,773,90,10.2,39,61.3,12.4,984.3,1014.3,1009.8,1012.1,14.7,2.8,23.3,11.4,130.078
YW,17.8,12.4,29.8,0.4,0.8,1502,1.2,4.9,110,3.2,90,1,875,90,13.3,35,77.8,15.4,986,1015.4,1011.3,1013.8,14.7,3,20.2,9.2,102.909
YW,21.3,15,29.9,0,0,,0,6.1,290,3.1,270,1,877,290,13.4,33,65.3,15.4,986,1016,1011,1013.5,14.7,7.8,28.2,13,151.396
YW,20.5,15.1,32.2,,,,,9.6,110,6.5,90,1.6,1341,50,13.3,32,66,15.3,985.5,1014.8,1010.3,1013,14.7,5.1,26.5,12.4,140.839
YW,22.2,13.1,31.8,,,,,5.8,160,3.7,140,1.2,1075,110,12.6,28,58.6,14.6,985.3,1016.2,1009.7,1012.7,14.7,7.9,30.4,10.1,125.28
YW,22.1,17.2,29,,,,,9.6,140,5.9,110,2.5,2165,140,11,25,53.3,13.5,983,1012.8,1007.4,1010.3,14.7,9.4,30.6,14.7,124.874
YW,17.2,14.2,22.4,0.6,1.9,1354,5.6,9.3,70,4.5,90,1.7,1494,90,11.4,46,70.9,13.5,982.7,1012.4,1008.9,1010.5,14.7,0.2,19.3,12.3,122.641
YW,16.7,13.6,21.6,2.8,5.7,1821,17.3,7,110,3,290,0.6,521,50,15.1,72,90.9,17.2,979.3,1009,1005.1,1007.1,14.7,1.2,18.4,13.8,101.957
YW,18.7,14.8,21.8,0,0,,0,6.6,270,4,270,1.1,923,270,14.6,60,78.9,16.6,980.4,1010,1006.6,1008,14.7,1.4,19.8,13.9,50.572
YW,21.2,14,29.9,,,,,4.3,270,2.3,320,0.7,632,270,14.9,37,71.4,17,980.9,1011.3,1004.5,1008.3,14.7,10,25,13.2,127.775
YW,23.8,18.1,29.9,,,,,5.8,270,3.1,290,0.9,820,270,17.4,45,69.8,19.9,979.9,1008.9,1004.5,1007,14.7,8.1,28,17.9,194.418
YW,24.5,20.9,29.7,,,,,7.4,270,4.5,290,1.1,988,270,18.4,50,69.9,21.1,980.1,1009.2,1004.7,1007.1,14.7,6.4,30.3,20.4,142.593
YW,25.5,18.8,33,,,,,6.5,290,2.9,340,0.8,734,270,18.1,36,67.4,20.8,977.3,1006.9,1000.9,1004.1,14.7,11.7,32.8,17.7,58.045
YW,27.3,19.4,35.8,,,,,8.7,290,2.5,270,0.8,693,250,16.6,24,58.3,19.1,976.3,1005.5,999.8,1003,14.7,12,35,18.2,108.046
YW,26.5,20.3,34.9,,,,,6.9,270,3.7,270,1,871,250,18.1,36,63,20.8,979.6,1008.4,1004.4,1006.4,14.7,11.3,33.8,19.3,123.509
YW,23.6,19.7,31.1,6.3,11.5,2238,29.1,6.1,110,4,140,0.7,617,320,21,53,86.6,25,974,1007,995.2,1000.8,14.7,0.8,24.8,18.5,32.669
YW,23.9,21.4,27,5.7,11.6,345,20.7,8.1,200,3.9,180,1.9,1681,270,19.4,60,76.8,22.6,970.7,1001.7,991.8,997.5,14.7,4.2,23.9,20.5,128.271
YW,25.3,18.3,31.6,,,,,5.9,230,3.2,250,1,885,270,18.1,41,67,20.8,977.7,1007.5,1001.5,1004.5,14.7,9.2,26.6,17.9,198.593
YW,24.9,21.9,29.2,0.5,0.8,1122,1,4.9,290,2.4,250,0.6,548,110,21.6,66,82.6,25.9,982,1012,1006.5,1009,14.7,1.2,26,22.1,138.12
YW,25.3,22.2,30.9,2,2,1356,4.3,7.7,160,3.9,230,0.7,620,90,22.7,57,86.4,27.6,981.4,1011.5,1005.9,1008.4,14.7,1.9,27.4,22.4,73.823
YW,28.2,25.3,31.7,,,,,9.2,200,4.5,200,2.3,2014,180,20.1,51,61.6,23.5,977,1006.4,1001.5,1003.6,14.7,3.2,26.5,24.1,82.828
YW,25.9,23.1,29.4,3.2,6.2,948,16.6,10.1,200,5.5,180,1.5,1302,180,22.4,62,82.5,27.2,978.6,1008.3,1002,1005.4,14.7,0.8,25.8,23.7,60.257
YW,22.9,20.6,25.2,7.1,20.5,312,96.5,8,340,2.9,290,0.7,622,110,22.1,82,96,26.7,984.5,1014.3,1008,1011.7,14.7,0.3,25,21.3,91.605
YW,26.2,22,32.5,,,,,5.5,270,2.9,270,0.8,656,290,21.4,45,77.8,25.5,987.5,1016,1012.5,1014.6,14.7,10.3,29.9,23.3,117.05
YW,26.3,21.2,34.3,,,,,3.6,270,2.1,270,0.7,616,270,20.3,38,74,23.9,985.9,1015.8,1009.5,1012.9,14.7,9.7,29.2,21.9,205.129
YW,27.2,20.9,34.4,,,,,4.6,250,2.6,250,0.7,568,250,20.8,36,71,24.5,981.8,1012.2,1005.6,1008.6,14.7,11,31.6,21.7,175.375
YW,25.6,22.7,33.8,0.2,0.2,,0.2,10.5,110,6.9,90,0.8,704,90,22.5,47,84.6,27.3,978.9,1007.9,1003.8,1005.8,14.7,5.6,29.1,23.7,38.745
YW,26.4,22.7,34.6,1.2,2.8,2008,4.5,6.1,20,3,270,0.9,751,250,22.6,44,81.9,27.4,978.7,1008.2,1002.9,1005.5,14.6,5.6,33.4,23.8,128.827
YW,26.9,22.7,32.5,0,0,,0,4.2,140,2.6,90,0.9,745,90,22.9,58,80.4,27.9,981.3,1009.3,1006.5,1008.2,14.6,6.6,31.6,23.9,77.028
YW,27.7,23.4,33.5,0,0,,0,6.9,140,4.3,110,1.1,930,140,22.9,53,76.8,27.9,979.8,1009.5,1004.3,1006.5,14.6,3.6,31.1,24.3,87.313
YW,26.2,24.1,30,6.7,11.8,432,20.6,6.6,230,3.4,270,0.9,773,250,22.4,54,81.5,27.2,975.9,1004.8,1000.8,1002.6,14.6,3.7,29.2,24.8,97.422
YW,26,23.1,30.5,0.7,0.9,247,0.9,4.2,250,2.8,250,0.7,628,250,22.6,62,82.9,27.4,975.5,1004.6,1000.7,1002.3,14.6,4.4,28.6,24.8,199.024
YW,23.8,21.7,28.2,6.2,24.8,314,69.2,6.9,70,3.6,70,0.9,757,110,21.3,66,87,25.4,979.5,1009.1,1004.8,1006.5,14.6,2.6,26.5,22.5,170.471
YW,25,19.7,30.4,,,,,4.8,20,3.1,90,0.9,748,90,20.3,56,76.3,23.9,981.4,1010,1006.6,1008.4,14.5,5.5,28.4,20.8,23.384
YW,22.7,21.8,25,4.6,17.1,1812,76.8,6.9,140,3.5,110,1,849,90,21.1,76,90.8,25,977.2,1008.4,1000.2,1004.3,14.5,0,24.6,22.3,108.621
YW,24.3,21.8,28.4,0.5,1.9,-2331,3.5,5.5,230,3.1,250,0.8,702,250,21.7,65,87,26,972.8,1001.2,998.8,999.6,14.5,2.4,26.5,22.5,109.487
YW,24,19.8,29.5,,,,,5.9,230,3.4,270,1.1,916,250,19.2,51,77.1,22.3,972.8,1001.9,997.2,999.7,14.5,8.8,27.7,20.9,130.4
YW,23.7,19,29.4,,,,,5.2,250,2.9,270,0.8,702,270,19,51,77.1,22,972.1,1000.9,997.3,999,14.5,6.3,27,20.7,75.419
YW,23.4,20.4,27.9,,,,,5.4,230,2.7,250,0.8,729,250,19.6,59,80.1,22.8,973.9,1002.7,999.4,1000.9,14.4,3.4,26.6,21.7,160.269
YW,22.6,20.2,28.6,0.9,1.4,911,1.5,6.8,110,4.9,140,1.1,990,110,20.2,64,87.4,23.7,973.3,1003.2,997.8,1000.4,14.4,1.4,25.5,21.2,149.184
YW,25.2,20.4,30.8,,,,,6.2,250,3.8,250,0.9,748,250,20,54,74.9,23.4,975.4,1006,999.6,1002.2,14.4,6.1,29.2,21.4,53.184
YW,25.4,21.3,30.5,0.5,1,2306,0.7,4.5,230,2.7,230,0.9,736,270,20.3,48,75.4,23.8,979.3,1007.9,1004.7,1006.2,14.4,7.1,31.7,22.1,10.488
YW,21.5,20.2,23.8,1.7,6,443,27.3,4.8,90,2.9,90,0.7,618,110,21,93,97,24.8,974.9,1005.8,999.3,1002,14.4,0,24.9,22,197.549
YW,22.7,20.4,28.1,0.2,0.2,,0.5,8.2,70,5.5,90,1,856,270,20.4,57,88,23.9,978.6,1008,1004.1,1005.8,14.3,4.6,27,22.4,0.471
YW,22.6,19.1,27.1,5.1,14.8,2330,19.5,5.2,270,2.9,270,0.8,686,90,19.9,65,86.4,23.3,978.8,1008.2,1003.2,1005.9,14.3,1.7,25.3,20.3,199.32
YW,23.7,20.6,28.2,2.6,5.5,1,9.6,3.9,270,2.1,290,0.6,544,110,21.6,63,88.5,25.8,976.1,1005.7,1001.5,1003.1,14.3,3.8,26.6,22.2,6.863
YW,25.9,22.5,31.2,,,,,4.2,250,2.6,230,0.8,662,250,21.4,51,78.6,25.5,981.4,1010.5,1005.7,1008.3,14.3,9.8,29.7,23.5,81.232
YW,26.1,21.6,33.1,,,,,8.3,70,4.6,90,1,858,110,21.1,45,76.6,25.1,983.1,1011.9,1007.6,1010.1,14.2,8.3,29.8,23.1,143.585
YW,25.1,20.3,31.6,,,,,6.6,140,3.5,110,1.2,1063,110,19.7,47,74.1,23,983.8,1012.4,1009.2,1010.8,14.2,9.3,29.7,21,175.486
YW,26.2,20.6,32.2,,,,,6.7,140,4.3,140,1.3,1130,140,21.2,54,75.5,25.2,985,1013.8,1010.8,1012,14.2,8.5,30.1,21,27.724
YW,28,22.2,35.1,,,,,5.7,180,2.9,90,1,828,90,21.9,43,72.6,26.3,986.1,1014.8,1010.3,1012.9,14.2,10.9,34,22.7,165.359
YW,26.8,22.1,33,0.2,0.2,,0.2,6,160,3.3,140,1.3,1111,140,22.1,54,77,26.7,983.9,1013.5,1008.9,1010.8,14.1,5.4,31,22.2,38.396
YW,24.7,23.9,27.6,5.6,11.3,1406,18.3,6,110,3.2,110,0.7,578,90,23.5,83,93.3,28.9,981,1009.8,1006.7,1008,14.1,0,27.1,25.3,7.69
YW,25.5,23.6,29.7,0.7,2.3,1051,6.7,5,140,3,140,0.9,743,140,23.6,73,89.8,29.1,980.7,1008.7,1006.5,1007.6,14.1,0.4,27.5,24.8,190.882
YW,26.4,24.1,30.9,0.4,0.9,815,1.5,5.6,320,2.8,320,0.8,727,290,23.9,68,87.3,29.7,982.5,1010.9,1007.5,1009.4,14,2.8,28.3,25.2,9.505
YW,25.5,24,28.2,1.3,5.1,755,12.8,3.4,360,2.3,340,0.6,508,290,24.1,79,92.8,30.1,983.6,1012.2,1009.1,1010.6,14,0.7,27.2,25.2,4.693
YW,26.9,23.8,31.7,0.7,1.2,504,1.8,5.1,250,2.8,230,0.7,575,270,23.2,53,82.5,28.5,982.5,1011.7,1007.4,1009.4,14,8.7,30.4,25,185.926
YW,27.3,23.2,31.2,,,,,3.8,230,2.2,250,0.7,576,250,23.5,60,81.5,28.9,979.6,1008.8,1003.4,1006.3,13.9,6.8,30.5,24.9,6.778
YW,26.9,23.7,31.9,,,,,6,250,3,250,0.7,610,250,23.6,58,83.5,29.1,979.5,1007.9,1004.5,1006.2,13.9,5.6,29.3,25,9.965
YW,28.1,24.3,33.1,,,,,4.5,270,2.7,270,0.6,557,270,24.2,58,81.3,30.2,980.1,1008.4,1005.3,1006.8,13.9,3.9,30.6,25.4,184.337
YW,25.9,23.4,28.3,5,9.3,1512,22.4,10.3,290,4.5,270,0.9,773,250,22.9,67,84.9,28,980.3,1008.1,1006,1007.1,13.9,0,26.9,25.1,8.612
YW,24.7,23.7,26.9,1.4,7.1,25,38.6,3.7,270,1.8,290,0.4,317,320,23.5,81,93.8,28.9,979.9,1008.3,1005.7,1006.8,13.8,0,25.9,24.6,1.401
YW,23.3,22.6,24.6,4.9,23.4,322,109.5,3.5,270,1.9,290,0.4,331,340,22.8,92,97.1,27.7,979.1,1007.6,1004.5,1006.1,13.8,0,24.8,23.3,8.717
YW,23.4,22.7,24.5,3,10.7,836,47.2,3.8,320,2.3,320,0.3,246,90,22.9,90,97.4,27.9,977.6,1006,1003.7,1004.5,13.7,0,24.5,23.7,159.165
YW,25.6,22.4,31.3,0,0,,0,3.7,290,1.9,290,0.6,514,270,22.3,53,84,27,979.3,1007.9,1004.2,1006.1,13.7,8.6,29.4,23,32.954
YW,23.6,21.9,26,1,4,1520,5.5,2.7,110,1.8,140,0.5,464,110,22.5,80,94.1,27.3,979.8,1007.9,1005.1,1006.8,13.7,0.1,26.1,24.4,7.19
YW,24.4,22.8,27.3,3,7.6,1947,24.7,3.4,140,1.8,110,0.4,336,110,23.3,78,94.1,28.7,979.5,1007.6,1006,1006.5,13.7,0.9,27.1,24.3,7.37
YW,26.4,22.5,30,0.4,0.7,2153,0.7,8,230,3.8,250,1.3,1107,250,22.3,60,79.9,27,975.1,1006.2,998.2,1001.7,13.6,0.9,26.9,23.8,186.48
YW,25.9,21.2,30,0,0,,0,6.7,290,3.5,270,1.3,1113,250,20.8,47,75.1,24.6,976.8,1007.1,999.5,1003.6,13.6,8.8,28.4,22.8,3.39
YW,23.2,20,30.3,1.5,4,1939,5,7.8,20,4.1,20,0.9,780,270,20.3,54,85.6,23.8,979.6,1008.3,1003.7,1006.8,13.5,5.3,26.6,20.8,80.1
YW,23.6,20,29.3,,,,,3.6,250,2.1,250,0.6,546,270,19.7,51,81.5,23,980.7,1009.3,1006.3,1007.8,13.5,6.6,27.6,22.4,5.18
YW,23.2,20,26.3,3.6,11.8,1850,13.3,4.9,360,2.1,360,0.5,420,340,21.2,67,89.9,25.3,976.7,1007.9,1000.4,1003.7,13.5,0.4,25.6,22.2,175.19
YW,26,22.9,31.7,12.8,43.3,103,59.8,7,70,3.5,20,1,839,90,22.8,55,83.5,27.9,975.3,1004.8,1000.1,1002,13.4,7.2,28.9,24.6,35.83
YW,25,21,31.9,,,,,3.1,160,2,290,0.7,638,90,20.1,42,76.6,23.6,978.6,1007,1003.7,1005.5,13.4,10.7,28.5,22.6,7.15
YW,24.2,19.5,30.3,,,,,4.3,230,2.3,250,0.7,578,250,20.5,56,81.4,24.2,978.1,1007,1002.9,1005.1,13.4,5.6,27,21.4,5.85
YW,23,21,24.5,0.4,1.6,942,2,5.5,50,2.1,90,0.5,457,110,21.3,80,90.5,25.4,979.3,1008.7,1004.4,1006.4,13.3,0,25.6,22.4,174.32
YW,21.6,19.3,24.9,,,,,6.3,90,3.7,110,1.4,1196,90,17.2,60,76.9,19.7,981.8,1011.3,1007.8,1009.1,13.3,0.2,24.8,21.1,13.49
YW,20.3,17.5,24.2,0,0,,0,2.8,290,1.4,270,0.4,388,270,17.9,73,86.8,20.5,980.7,1009.3,1006,1008.1,13.3,0,23.5,18.9,11.95
YW,21,17,27.7,,,,,4.7,250,2.7,250,0.8,650,250,16.9,49,79.9,19.3,980.1,1009.2,1005,1007.4,13.2,8,24.7,18.4,5.12
YW,20.3,14.4,25.8,0.3,0.3,602,0.3,5.9,270,3.4,250,1.2,1003,250,12.6,29,67,15,982.1,1014.4,1007.5,1009.6,13.2,10.6,25.2,15.7,191.18
YW,19.6,12.7,27.6,,,,,4.7,110,2.6,110,0.8,685,180,13.8,39,73.3,15.8,988,1017.9,1013.2,1015.7,13.1,10.5,25,14.1,2.16
YW,17.9,16.3,20,0.3,1,1312,3.1,4,50,2.2,90,0.7,563,110,16.5,81,92.1,18.8,989.3,1018.1,1016.2,1017.3,13.1,0,21.6,17.4,9.23
YW,17.9,16.4,18.8,2.5,9,1941,75.5,2.7,110,1.9,110,0.5,408,90,17.5,94,97.9,19.9,984.7,1017.3,1008.7,1012.5,13.1,0,19.8,18.5,6.82
YW,19.6,16.4,24.7,0.8,3.3,313,12,6.7,20,3.2,20,0.8,728,50,17.5,63,88.9,20,981.4,1012.1,1007.1,1008.9,13,2.7,22.5,17.9,193.45
YW,20.4,16.1,27.4,,,,,3.6,90,2.3,90,0.7,583,90,17.1,52,83.6,19.6,986.6,1017,1012.1,1014.2,13,7.1,23.7,17.5,14
YW,20.5,14.9,28.3,,,,,9.2,90,5.6,90,1.2,1029,90,15.3,44,74.8,17.4,989.7,1019,1015.1,1017.4,13,6.9,23.1,16,171.5
YW,21.1,16.8,25.5,,,,,6.7,20,3.8,20,1.3,1130,20,15.6,56,72,17.8,988.3,1017.9,1014.4,1015.8,12.9,2.1,23.2,17.9,35
YW,21.9,18.4,26.4,0.6,0.7,355,1.2,5.1,110,3.1,110,0.6,553,90,19.6,72,87,22.9,983.7,1015.9,1007.6,1011.1,12.9,0.1,23.5,19.8,7
YW,19.4,16.2,23.6,2.9,11.6,617,57.3,7.7,50,3.7,50,1.6,1363,250,16.1,58,82.5,18.3,976.7,1013.6,995.4,1004.1,12.8,4.7,21.5,16.5,129.5
YW,18.8,13.6,26.5,,,,,4.8,270,3.3,290,0.6,534,290,13.3,30,76.4,15.4,989.6,1020.1,1013.6,1017.4,12.8,10,21.9,14.9,105
YW,19.9,13.6,28.4,,,,,3.2,90,1.8,90,0.6,513,270,15.1,37,77.4,17.2,991,1021.8,1015.4,1018.8,12.7,10.5,23.4,15.1,108.5
YW,19.1,13.7,27.7,,,,,7.4,360,4.4,20,1,866,20,12,26,69.3,14.2,990.9,1021.3,1016.2,1018.8,12.7,9.5,22.2,15,94.5
YW,19,12.6,25.8,,,,,7.8,20,4.6,20,1,886,20,12.8,41,70.4,14.9,990.8,1021.3,1015.9,1018.7,12.6,6.1,21.1,14.7,182
YW,21.4,17.3,28.8,0,0,,0,5.3,360,3.3,20,0.8,709,70,16.9,48,76.9,19.3,988.1,1018.4,1013.9,1015.6,12.6,3.4,22.8,18.7,154
YW,20.9,17.8,24.9,0,0,,0,3,90,1.8,340,0.5,410,250,18.2,62,85.9,20.9,987.5,1016.1,1013.2,1015.1,12.6,0.2,23.3,18.8,133
YW,22.6,18.8,28.5,0,0,,0,8.9,50,4.5,50,1.3,1119,50,17.3,49,73.9,19.9,989.3,1018.4,1015.4,1016.7,12.5,1.7,24.2,19.6,105
YW,22.4,19.2,28.8,,,,,12.7,90,6.6,90,2.3,1998,70,13.5,42,58.1,15.6,990.2,1018.9,1016.1,1017.6,12.5,5.4,24.4,18.4,84
YW,23,16.8,29.5,,,,,6.3,110,3.4,20,1.5,1298,70,17.1,48,71.6,19.6,985.7,1017.1,1009.8,1013,12.5,9.3,26.7,16.6,52.5
YW,22.6,17.6,29.1,,,,,6.3,140,4,140,1.2,1010,140,19.3,61,82.9,22.4,982.5,1011.8,1007.6,1009.8,12.4,6.3,27.1,17.9,157.5
YW,24.9,20,32,0,0,,0,3.2,320,1.7,110,0.6,514,90,20.7,47,79.9,24.4,981.4,1010.6,1005.6,1008.4,12.4,8,29.4,19.7,129.5
YW,24.9,22,29.3,0.3,0.5,1,0.5,10,20,5.7,20,1.7,1497,50,20.7,59,79.3,24.5,977.2,1008.1,999.3,1004.1,12.3,0.8,27.5,23,154
YW,21.6,14.6,26,,,,,13.2,50,5.8,20,2.8,2377,20,15,50,66.4,17.4,974.1,1008.7,996.7,1001.3,12.3,1.3,24.9,14,80.5
YW,16.3,11.8,24.1,,,,,6.8,90,3.6,110,1,877,70,11.1,34,74.1,13.2,986.1,1017.2,1008.6,1014.1,12.3,7.3,22.6,11.4,70
YW,16,10.8,24.2,,,,,4.4,140,2.8,180,0.8,708,110,9.5,34,69.1,11.9,990.3,1020.3,1016,1018.5,12.2,9.7,21.2,9.8,63
YW,14.9,8.2,23.1,,,,,4.1,250,2,270,0.7,580,270,10.4,41,77.5,12.7,988.5,1020.4,1013.1,1016.8,12.2,8,21,8.2,70
YW,15.7,10.9,24.6,0,0,,0,9.3,250,4.9,250,1.2,1049,250,10.7,37,75,13,985.4,1016.3,1009,1013.5,12.1,6.7,20.3,9.6,122.5
YW,15.1,8.2,22.5,,,,,5.9,270,3.4,270,0.9,751,250,8.5,33,70.1,11.2,988.9,1019.1,1015,1017.1,12.1,10.3,20.3,7,136.5
YW,15.2,10.7,22.1,,,,,2.5,50,1.6,250,0.4,364,20,11.3,44,80.4,13.5,989.4,1019.7,1015.2,1017.6,12.1,2.5,20.5,10.1,77
YW,17.1,12.4,25.9,,,,,3.2,140,2.1,140,0.4,354,110,12.2,27,77.1,14.2,989.6,1019.5,1014.9,1017.7,12,7.4,22.6,11.9,66.5
YW,17.8,12.4,27.4,,,,,2.5,290,1.5,270,0.5,433,160,12.8,37,76.6,14.8,988.5,1019.1,1013.1,1016.5,12,9,24.3,10.6,87.5
YW,16.8,11.8,24.7,,,,,2.4,270,1,270,0.3,279,50,13.5,54,82.8,15.5,986.9,1017.1,1012,1014.9,11.9,6.1,21.8,10.8,84
YW,17.6,14.2,26.2,,,,,2.5,90,1.6,90,0.5,440,90,14.1,42,82.3,16.1,987.5,1017.5,1012.5,1015.5,11.9,6.1,24.1,12.1,63
YW,17.3,12.7,27.6,,,,,2.8,110,1.8,90,0.6,515,110,12.8,26,79.1,14.8,989.1,1019,1014.1,1017.2,11.9,6.8,23.8,10.5,126
YW,17.2,11.7,27.4,,,,,3.3,250,1.7,250,0.5,408,270,12.3,31,77.9,14.4,990.9,1021.3,1015.8,1019,11.8,6.3,23.6,9.9,155.2
YW,16.1,12.8,20.5,1.1,2.4,1949,3.2,4.4,90,2.8,160,0.6,539,90,13.7,64,87.3,15.8,990.5,1021.7,1015.8,1018.7,11.8,0.4,19.1,10.9,176.56
YW,18.7,15.8,20.8,0.8,1.3,2121,3.8,3.5,320,2.2,290,0.4,321,290,18.2,92,97.4,21,985.8,1016.6,1009.7,1013.6,11.7,0,20,17.7,97.32
YW,18,14.2,21.6,10.7,17.5,321,53.6,9.7,340,4,90,1.2,1056,50,15.9,69,88,18.6,984.6,1018.7,1007.1,1012.4,11.7,0,21,16.8,83.82
YW,15.1,12.5,21.5,,,,,5,90,2.9,90,1.4,1171,90,10.6,52,75.1,12.7,991.9,1021.7,1017.9,1020.2,11.7,3.8,18.7,14.8,66.03
YW,15.1,11.6,21.9,,,,,6.9,90,3.7,90,1.1,917,90,11.3,52,79.8,13.4,991.1,1022.3,1016.7,1019.4,11.6,3,18.1,13.7,43.62
YW,13.6,10.8,18.5,1.1,1.2,605,1.2,6.9,50,3.6,90,1,891,20,9.8,52,79.5,12.2,991.5,1024.9,1016.9,1020,11.6,1.1,17,11.9,100.16
YW,13.3,7.9,21.3,,,,,5.8,140,4.1,90,1.3,1124,90,8,40,73.6,10.7,996.6,1027.4,1022.9,1025.3,11.6,7.5,15.6,9.5,180.16
YW,12.3,8.8,17,0.9,3.2,1753,10.8,9.7,270,5.5,270,0.8,668,270,10,60,87,12.4,990.1,1026.4,1013,1018.7,11.5,1,15.6,11.4,186.41
YW,9,7.4,12.4,0.5,0.7,1322,2,14.9,270,5.4,270,2.7,2305,250,5,51,76.6,8.8,984.6,1015.6,1011.9,1013.4,11.5,1.9,12.2,8.8,147.54
YW,9.4,6.5,15.4,,,,,6.1,270,3.2,270,1.2,1001,270,4.4,49,73.1,8.5,992.7,1026.3,1015.5,1021.8,11.4,6.6,13.5,8.2,58.24
YW,12.2,6.6,20.9,,,,,3.9,140,2.3,140,0.8,696,140,7.7,43,77.5,10.6,998.7,1029.4,1025.3,1027.6,11.4,8.6,15.7,9.4,106.62
YW,13.7,8.5,21.6,,,,,3.3,250,2.1,270,0.6,508,250,9.9,42,80.8,12.2,997.2,1030,1022.3,1025.8,11.4,8.8,16.6,6.1,107.7
YW,14.8,10.6,21.9,,,,,3.5,290,1.7,90,0.6,492,90,10.8,40,80.1,13,992.5,1024.3,1017.9,1020.9,11.3,5.9,17.5,8.8,127.71
YW,16.1,11,24.4,,,,,3.4,320,1.9,320,0.5,471,290,12,37,79.6,14,991.4,1021.9,1016.7,1019.6,11.3,7.1,18.7,6.7,168.78
YW,16.5,13.9,21.5,,,,,3.7,340,1.8,320,0.6,503,270,13.4,58,83.3,15.4,990.1,1020.1,1016.4,1018.2,11.3,0.7,18.7,12.7,150.27
YW,11.6,3.5,16.3,,,,,7.9,230,4.4,230,1.3,1145,270,3.1,24,62.3,8.4,989.5,1021.9,1015.7,1018.2,11.2,8.2,14.5,-1.4,77.1
YW,6.5,0.4,14.1,,,,,5.7,270,2.8,250,0.7,632,270,0.6,30,71.9,6.5,993.8,1025.1,1020.5,1023.2,11.2,8.8,10.5,-4.2,183.7
YW,7,0.8,16.1,,,,,4.7,250,2.6,250,0.6,535,250,0.9,24,71.4,6.6,997.4,1029.7,1024.2,1026.9,11.1,7.7,10.6,-3.6,140.24
YW,9.1,1,19.9,,,,,3.3,250,2.1,270,0.5,468,270,2.9,26,72.6,7.6,999.3,1032.2,1024.8,1028.6,11.1,8,12.2,-3.5,103.02
YW,10.9,5,20.5,,,,,5.2,180,2.8,230,0.5,460,160,5.4,24,74.1,9,996.3,1028.4,1021.6,1025.3,11.1,6.5,14,1.1,112.65
YW,12,6.9,20.3,,,,,4.5,290,2.6,250,0.6,529,250,6.1,30,71.9,9.4,992.6,1024.3,1017.9,1021.3,11,8.6,14.3,3.7,213.03
YW,11.1,8.3,20.9,1.8,2.9,1520,2.9,9.1,90,4.4,50,0.7,574,70,8.8,42,87.3,11.3,990.2,1020.4,1015.7,1018.9,11,2.9,13.7,5.3,209.97
YW,8.8,4.8,14.4,0.7,0.8,1430,0.8,6.7,340,3.6,340,1.1,928,290,4.3,42,75.9,8.4,992.7,1026.3,1019.5,1021.8,10.9,4.5,11,0.8,115.71
YW,7.2,2,16.2,,,,,7.5,110,4.3,90,0.8,734,90,3.5,44,80.5,7.8,1000,1031.8,1026.3,1029.5,10.9,2.9,9.5,-1.5,148.55
YW,8.9,2.6,17.6,,,,,3.9,360,2,340,0.5,419,140,4.1,37,76.4,8.2,999.7,1032.2,1025.7,1029,10.9,5.7,11.7,-2.2,137.68
YW,10.6,5.1,20.5,,,,,4.5,270,2.8,250,0.6,477,290,5.5,36,76.1,9.1,997,1028.3,1022.1,1026.1,10.8,7,12.5,0.3,91.34
YW,11.1,5.3,20.6,,,,,6.2,90,4,90,1,863,90,7,44,79,10,998.3,1029.1,1024.7,1027.2,10.8,5.7,12.8,0.7,129.13
YW,11.3,6.3,19.9,,,,,3.5,230,1.8,270,0.5,394,50,6.5,32,76.8,9.7,998.5,1030.1,1024.1,1027.5,10.8,6.7,13.8,1.4,128.09
YW,11.7,6.3,21.1,,,,,6.6,140,3.8,110,0.9,812,140,6.4,32,74.3,9.6,997.7,1029.1,1023.1,1026.6,10.7,6.5,13.9,1.4,207.93
YW,11,6.4,19.5,,,,,3.8,270,2,250,0.5,410,250,6.2,39,75.9,9.4,996.3,1027.9,1021.9,1025.3,10.7,6.7,12.7,1.9,106.21
