time,PT-204,PT-203,PT-205,PT-202,GD-205,GD-206,T.T1B(OIL),P.T2-1B,T.T1A(OIL),P.T2-1A,compressor2,T.T2-1B,compressor1,T.T2-1A,P.T1-1B,P.T1-1A,GD-204,T.T1-1B,GD-203,T.T1-1A,Chiller No. 2 Dispenser COOLER,Chiller No. 1 Dispenser COOLER,MFM-201,SUM DATA,TEMP,PT-201,GD-201,GD-202
10:36:18,44.75,86.1,86.53,44.66,0,0,31,52.1,19,50.4,0,28,0,22,8.4,6.6,3,21,0,22,-37,5,0,2207.1,21,11.51,0,0
10:36:19,44.75,86.1,86.53,44.66,0,0,31,52.1,19,50.4,0,28,0,22,8.4,6.6,3,21,0,22,-37,5,0,2207.1,21,11.51,0,0
10:36:20,44.69,86.06,86.4,44.59,0,0,31,52.1,19,50.3,0,27,0,21,8.4,6.6,3,21,0,22,-37,5,0,2207.1,21,11.47,0,0
10:36:21,44.69,86.06,86.4,44.59,0,0,31,52.1,19,50.3,0,27,0,21,8.4,6.6,3,21,0,22,-37,5,0,2207.1,21,11.47,0,0
10:36:22,44.69,86.06,86.4,44.59,0,0,31,52.1,19,50.3,0,27,0,21,8.4,6.6,3,21,0,22,-38,5,0,2207.1,21,11.47,0,0
10:36:23,44.76,86.1,86.49,44.65,0,0,31,52.1,19,50.3,0,28,0,22,8.4,6.6,3,21,0,22,-38,5,0,2207.1,21,11.52,0,0
10:36:24,44.76,86.1,86.49,44.65,0,0,31,52.1,19,50.3,0,28,0,22,8.4,6.6,3,21,0,22,-38,5,0,2207.1,21,11.52,0,0
10:36:25,44.71,86.08,86.42,44.56,0,0,31,52,19,50.3,0,27,0,21,8.3,6.5,3,21,0,22,-38,5,0,2207.1,21,11.47,0,0
10:36:26,44.71,86.08,86.42,44.56,0,0,31,52,19,50.3,0,27,0,21,8.3,6.5,3,21,0,22,-38,5,0,2207.1,21,11.47,0,0
10:36:27,44.71,86.08,86.42,44.56,0,0,31,52,19,50.3,0,27,0,21,8.3,6.5,3,21,0,22,-38,5,0,2207.1,21,11.47,0,0
10:36:28,44.67,86.05,86.4,44.55,0,0,31,52,19,50.3,0,27,0,21,8.3,6.5,3,21,0,22,-38,5,0,2207.1,21,11.47,0,0
10:36:29,44.67,86.05,86.4,44.55,0,0,31,52,19,50.3,0,27,0,21,8.3,6.5,3,21,0,22,-38,5,0,2207.1,21,11.47,0,0
10:36:30,44.83,86.14,86.53,44.66,0,0,31,52.1,19,50.4,0,28,0,22,8.4,6.6,3,21,0,22,-38,5,0,2207.1,21,11.52,0,0
10:36:31,44.83,86.14,86.53,44.66,0,0,31,52.1,19,50.4,0,28,0,22,8.4,6.6,3,21,0,22,-38,5,0,2207.1,21,11.52,0,0
10:36:32,44.76,86.06,86.5,44.59,0,0,31,52,19,50.4,0,27,0,21,8.4,6.6,3,21,0,22,-38,5,0,2207.1,21,11.49,0,0
10:36:33,44.76,86.06,86.5,44.59,0,0,31,52,19,50.4,0,27,0,21,8.4,6.6,3,21,0,22,-38,5,0,2207.1,21,11.49,0,0
10:36:34,44.76,86.06,86.5,44.59,0,0,31,52,19,50.4,0,27,0,21,8.4,6.6,3,21,0,22,-38,5,0,2207.1,21,11.49,0,0
10:36:35,44.78,86.1,86.48,44.6,0,0,31,52,19,50.3,0,27,0,21,8.4,6.6,3,21,0,22,-38,5,0,2207.1,21,11.49,0,0
10:36:36,44.78,86.1,86.48,44.6,0,0,31,52,19,50.3,0,27,0,21,8.4,6.6,3,21,0,22,-38,5,0,2207.1,21,11.49,0,0
10:36:37,44.76,86.11,86.51,44.62,0,0,31,52.1,19,50.4,0,27,0,21,8.4,6.6,3,21,0,22,-38,5,0,2207.1,21,11.47,0,0
10:36:38,44.76,86.11,86.51,44.62,0,0,31,52.1,19,50.4,0,27,0,21,8.4,6.6,3,21,0,22,-38,5,0,2207.1,21,11.47,0,0
10:36:39,44.72,86.01,86.39,44.54,0,0,31,52,19,50.3,0,27,0,22,8.3,6.6,3,21,0,22,-38,5,0,2207.1,21,11.44,0,0
10:36:40,44.72,86.01,86.39,44.54,0,0,31,52,19,50.3,0,27,0,22,8.3,6.6,3,21,0,22,-38,5,0,2207.1,21,11.44,0,0
10:36:41,44.72,86.01,86.39,44.54,0,0,31,52,19,50.3,0,27,0,22,8.3,6.6,3,21,0,22,-38,5,0,2207.1,21,11.45,0,0
10:36:42,44.71,86.08,86.38,44.59,0,0,31,52.1,19,50.4,0,27,0,22,8.4,6.6,3,21,0,22,-38,5,0,2207.1,21,11.45,0,0
10:36:43,44.71,86.08,86.38,44.59,0,0,31,52.1,19,50.4,0,27,0,22,8.4,6.6,3,21,0,22,-38,5,0,2207.1,21,11.45,0,0
10:36:44,44.7,86.08,86.5,44.55,0,0,31,52,19,50.3,0,28,0,22,8.4,6.6,3,21,0,22,-38,5,0,2207.1,21,11.46,0,0
10:36:45,44.7,86.08,86.5,44.55,0,0,31,52,19,50.3,0,28,0,22,8.4,6.6,3,21,0,22,-38,5,0,2207.1,21,11.46,0,0
10:36:46,44.81,86.19,86.53,44.7,0,0,31,52.1,19,50.3,0,28,0,22,8.4,6.6,3,21,0,22,-38,5,0,2207.1,21,11.51,0,0
10:36:47,44.81,86.19,86.53,44.7,0,0,31,52.1,19,50.3,0,28,0,22,8.4,6.6,3,21,0,22,-38,5,0,2207.1,21,11.51,0,0
10:36:48,44.7,86.03,86.43,44.56,0,0,31,52.1,19,50.4,0,27,0,22,8.4,6.6,3,21,0,22,-38,5,0,2207.1,21,11.47,0,0
10:36:49,44.7,86.03,86.43,44.56,0,0,31,52.1,19,50.4,0,27,0,22,8.4,6.6,3,21,0,22,-38,5,0,2207.1,21,11.47,0,0
10:36:50,44.77,86.12,86.49,44.67,0,0,31,52.1,19,50.4,0,28,0,22,8.4,6.6,3,21,0,22,-38,5,0,2207.1,21,11.51,0,0
10:36:51,44.77,86.12,86.49,44.67,0,0,31,52.1,19,50.4,0,28,0,22,8.4,6.6,3,21,0,22,-38,5,0,2207.1,21,11.51,0,0
10:36:52,44.79,86.03,86.47,44.57,0,0,31,52.1,19,50.4,0,28,0,22,8.4,6.6,3,21,0,22,-38,5,0,2207.1,21,11.49,0,0
10:36:53,44.79,86.03,86.47,44.57,0,0,31,52.1,19,50.4,0,28,0,22,8.4,6.6,3,21,0,22,-38,5,0,2207.1,21,11.49,0,0
10:36:54,44.73,86.08,86.41,44.59,0,0,31,52,19,50.4,0,27,0,21,8.4,6.6,3,21,0,22,-38,5,0,2207.1,21,11.48,0,0
10:36:55,44.73,86.08,86.41,44.59,0,0,31,52,19,50.4,0,27,0,21,8.4,6.6,3,21,0,22,-38,5,0,2207.1,21,11.48,0,0
10:36:56,44.67,86.04,86.38,44.61,0,0,31,52.1,19,50.4,0,28,0,22,8.4,6.6,3,21,0,22,-38,5,0,2207.1,21,11.46,0,0
10:36:57,44.67,86.04,86.38,44.61,0,0,31,52.1,19,50.4,0,28,0,22,8.4,6.6,3,21,0,22,-38,5,0,2207.1,21,11.46,0,0
10:36:58,44.82,86.14,86.5,44.67,0,0,31,52,19,50.3,0,27,0,22,8.4,6.6,3,21,0,22,-38,5,0,2207.1,21,11.51,0,0
10:36:59,44.82,86.14,86.5,44.67,0,0,31,52,19,50.3,0,27,0,22,8.4,6.6,3,21,0,22,-38,5,0,2207.1,21,11.51,0,0
10:37:00,44.75,86.11,86.41,44.61,0,0,31,52.1,19,50.3,0,27,0,21,8.4,6.6,3,21,0,22,-38,5,0,2207.1,21,11.47,0,0
10:37:01,44.75,86.11,86.41,44.61,0,0,31,52.1,19,50.3,0,27,0,21,8.4,6.6,3,21,0,22,-38,5,0,2207.1,21,11.47,0,0
10:37:02,44.75,86.11,86.41,44.61,0,0,31,52.1,19,50.3,0,27,0,21,8.4,6.6,3,21,0,22,-38,5,0,2207.1,21,11.47,0,0
10:37:03,44.75,86.11,86.41,44.61,0,0,31,52.1,19,50.3,0,27,0,21,8.4,6.6,3,21,0,22,-38,5,0,2207.1,21,11.47,0,0
10:37:04,44.75,86.11,86.41,44.61,0,0,31,52.1,19,50.3,0,27,0,21,8.4,6.6,3,21,0,22,-38,5,0,2207.1,21,11.47,0,0
10:37:05,44.81,86.11,86.48,44.69,0,0,31,52,19,50.3,0,28,0,22,8.4,6.5,3,21,0,22,-39,5,0,2207.1,20.9,11.51,0,0
10:37:06,44.81,86.11,86.48,44.69,0,0,31,52,19,50.3,0,28,0,22,8.4,6.5,3,21,0,22,-39,5,0,2207.1,20.9,11.51,0,0
10:37:07,44.73,86.05,86.4,44.6,0,0,31,52,19,50.4,0,27,0,21,8.4,6.6,3,21,0,22,-39,5,0,2207.1,21,11.48,0,0
10:37:08,44.73,86.05,86.4,44.6,0,0,31,52,19,50.4,0,27,0,21,8.4,6.6,3,21,0,22,-39,5,0,2207.1,21,11.48,0,0
10:37:09,44.73,86.05,86.4,44.6,0,0,31,52,19,50.4,0,27,0,21,8.4,6.6,3,21,0,22,-39,5,0,2207.1,21,11.48,0,0
10:37:10,44.72,86.07,86.42,44.6,0,0,31,52,19,50.4,0,27,0,21,8.4,6.6,3,21,0,22,-39,5,0,2207.1,21,11.48,0,0
10:37:11,44.72,86.07,86.42,44.6,0,0,31,52,19,50.4,0,27,0,21,8.4,6.6,3,21,0,22,-39,5,0,2207.1,21,11.48,0,0
10:37:12,44.72,86.07,86.42,44.6,0,0,31,52,19,50.4,0,27,0,21,8.4,6.6,3,21,0,22,-39,5,0,2207.1,21,11.48,0,0
10:37:13,44.74,86.1,86.47,44.59,0,0,31,52,19,50.3,0,27,0,21,8.3,6.5,3,21,0,22,-39,5,0,2207.1,21,11.49,0,0
10:37:14,44.74,86.1,86.47,44.59,0,0,31,52,19,50.3,0,27,0,21,8.3,6.5,3,21,0,22,-39,5,0,2207.1,21,11.49,0,0
10:37:15,44.74,86.1,86.47,44.59,0,0,31,52,19,50.3,0,27,0,21,8.3,6.5,3,21,0,22,-39,5,0,2207.1,21,11.49,0,0
10:37:16,44.69,85.99,86.43,44.53,0,0,31,52,19,50.3,0,27,0,21,8.4,6.6,3,21,0,22,-39,5,0,2207.1,21,11.45,0,0
10:37:17,44.69,85.99,86.43,44.53,0,0,31,52,19,50.3,0,27,0,21,8.4,6.6,3,21,0,22,-39,5,0,2207.1,21,11.45,0,0
10:37:18,44.69,85.99,86.43,44.53,0,0,31,52,19,50.3,0,27,0,21,8.4,6.6,3,21,0,22,-39,5,0,2207.1,21,11.45,0,0
10:37:19,44.82,86.14,86.51,44.65,0,0,31,52,19,50.4,0,27,0,22,8.4,6.6,3,21,0,22,-39,5,0,2207.1,21,11.49,0,0
10:37:20,44.82,86.14,86.51,44.65,0,0,31,52,19,50.4,0,27,0,22,8.4,6.6,3,21,0,22,-39,5,0,2207.1,21,11.49,0,0
10:37:21,44.77,86.11,86.51,44.67,0,0,31,52,19,50.4,0,28,0,22,8.4,6.6,3,21,0,22,-39,5,0,2207.1,21,11.51,0,0
10:37:22,44.77,86.11,86.51,44.67,0,0,31,52,19,50.4,0,28,0,22,8.4,6.6,3,21,0,22,-39,5,0,2207.1,21,11.51,0,0
10:37:23,44.77,86.11,86.51,44.67,0,0,31,52,19,50.4,0,28,0,22,8.4,6.6,3,21,0,22,-39,5,0,2207.1,21,11.51,0,0
10:37:24,44.72,86.1,86.43,44.59,0,0,31,52,19,50.3,0,27,0,21,8.4,6.5,3,21,0,22,-39,5,0,2207.1,21,11.48,0,0
10:37:25,44.72,86.1,86.43,44.59,0,0,31,52,19,50.3,0,27,0,21,8.4,6.5,3,21,0,22,-39,5,0,2207.1,21,11.48,0,0
10:37:26,44.83,86.15,86.47,44.69,0,0,31,52,19,50.4,0,27,0,22,8.4,6.6,3,21,0,22,-39,5,0,2207.1,21,11.5,0,0
10:37:27,44.83,86.15,86.47,44.69,0,0,31,52,19,50.4,0,27,0,22,8.4,6.6,3,21,0,22,-39,5,0,2207.1,21,11.5,0,0
10:37:28,44.83,86.15,86.47,44.69,0,0,31,52,19,50.4,0,27,0,22,8.4,6.6,3,21,0,22,-39,5,0,2207.1,21,11.5,0,0
10:37:29,44.79,86.13,86.42,44.65,0,0,31,52,19,50.4,0,27,0,21,8.4,6.6,3,21,0,22,-39,5,0,2207.1,21,11.5,0,0
10:37:30,44.79,86.13,86.42,44.65,0,0,31,52,19,50.4,0,27,0,21,8.4,6.6,3,21,0,22,-39,5,0,2207.1,21,11.5,0,0
10:37:31,44.79,86.06,86.54,44.64,0,0,31,52,19,50.3,0,28,0,22,8.4,6.5,3,21,0,22,-39,5,0,2207.1,21,11.48,0,0
10:37:32,44.79,86.06,86.54,44.64,0,0,31,52,19,50.3,0,28,0,22,8.4,6.5,3,21,0,22,-39,5,0,2207.1,21,11.48,0,0
10:37:33,44.82,86.15,86.52,44.66,0,0,31,52,19,50.4,0,28,0,22,8.4,6.6,3,21,0,22,-39,5,0,2207.1,21,11.51,0,0
10:37:34,44.82,86.15,86.52,44.66,0,0,31,52,19,50.4,0,28,0,22,8.4,6.6,3,21,0,22,-39,5,0,2207.1,21,11.51,0,0
10:37:35,44.64,86.06,86.38,44.6,0,0,31,52,19,50.4,0,27,0,21,8.4,6.6,3,21,0,22,-39,5,0,2207.1,21,11.48,0,0
10:37:36,44.64,86.06,86.38,44.6,0,0,31,52,19,50.4,0,27,0,21,8.4,6.6,3,21,0,22,-39,5,0,2207.1,21,11.48,0,0
10:37:37,44.64,86.06,86.38,44.6,0,0,31,52,19,50.4,0,27,0,21,8.4,6.6,3,21,0,22,-39,5,0,2207.1,21,11.48,0,0
10:37:38,44.74,86.05,86.47,44.61,0,0,31,52,19,50.3,0,27,0,21,8.4,6.5,3,21,0,22,-39,5,0,2207.1,21,11.47,0,0
10:37:39,44.73,86.07,86.4,44.61,0,0,31,52,19,50.3,0,27,0,22,8.4,6.6,3,21,0,22,-39,5,0,2207.1,21,11.47,0,0
10:37:40,44.73,86.07,86.4,44.61,0,0,31,52,19,50.3,0,27,0,22,8.4,6.6,3,21,0,22,-39,5,0,2207.1,21,11.47,0,0
10:37:41,44.81,86.15,86.43,44.66,0,0,31,52,19,50.4,0,27,0,22,8.4,6.6,3,21,0,22,-40,5,0,2207.1,21,11.51,0,0
10:37:42,44.81,86.15,86.43,44.66,0,0,31,52,19,50.4,0,27,0,22,8.4,6.6,3,21,0,22,-40,5,0,2207.1,21,11.51,0,0
10:37:43,44.74,86.08,86.43,44.57,0,0,31,52,19,50.3,0,27,0,21,8.3,6.6,3,21,0,22,-40,5,0,2207.1,21,11.47,0,0
10:37:44,44.74,86.08,86.43,44.57,0,0,31,52,19,50.3,0,27,0,21,8.3,6.6,3,21,0,22,-40,5,0,2207.1,21,11.47,0,0
10:37:45,44.72,86.04,86.42,44.54,0,0,31,52,19,50.4,0,27,0,21,8.4,6.6,3,21,0,22,-40,5,0,2207.1,21,11.49,0,0
10:37:46,44.72,86.04,86.42,44.54,0,0,31,52,19,50.4,0,27,0,21,8.4,6.6,3,21,0,22,-40,5,0,2207.1,21,11.49,0,0
10:37:47,44.69,86.03,86.43,44.58,0,0,31,52,19,50.3,0,27,0,21,8.4,6.5,3,21,0,22,-40,5,0,2207.1,21,11.45,0,0
10:37:48,44.69,86.03,86.43,44.58,0,0,31,52,19,50.3,0,27,0,21,8.4,6.5,3,21,0,22,-40,5,0,2207.1,21,11.45,0,0
10:37:49,44.66,86.02,86.44,44.54,0,0,31,51.9,19,50.4,0,27,0,22,8.3,6.5,3,21,0,22,-40,5,0,2207.1,21,11.44,0,0
10:37:50,44.66,86.02,86.44,44.54,0,0,31,51.9,19,50.4,0,27,0,22,8.3,6.5,3,21,0,22,-40,5,0,2207.1,21,11.44,0,0
10:37:51,44.66,86.02,86.44,44.54,0,0,31,51.9,19,50.4,0,27,0,22,8.3,6.5,3,21,0,22,-40,5,0,2207.1,21,11.44,0,0
10:37:52,44.75,86.12,86.42,44.69,0,0,31,52,19,50.4,0,27,0,22,8.4,6.6,3,21,0,22,-40,5,0,2207.1,21,11.51,0,0
10:37:53,44.75,86.12,86.42,44.69,0,0,31,52,19,50.4,0,27,0,22,8.4,6.6,3,21,0,22,-40,5,0,2207.1,21,11.51,0,0
10:37:54,44.75,86.12,86.42,44.69,0,0,31,52,19,50.4,0,27,0,22,8.4,6.6,3,21,0,22,-40,5,0,2207.1,21,11.51,0,0
10:37:55,44.67,86.02,86.36,44.56,0,0,31,51.9,19,50.3,0,27,0,21,8.3,6.5,3,21,0,22,-40,5,0,2207.1,21,11.45,0,0
10:37:56,44.67,86.02,86.36,44.56,0,0,31,51.9,19,50.3,0,27,0,21,8.3,6.5,3,21,0,22,-40,5,0,2207.1,21,11.45,0,0
10:37:57,44.67,86.02,86.36,44.56,0,0,31,51.9,19,50.3,0,27,0,21,8.3,6.5,3,21,0,22,-40,5,0,2207.1,21,11.45,0,0
10:37:58,44.81,86.16,86.5,44.66,0,0,31,52,19,50.3,0,27,0,22,8.4,6.5,3,21,0,22,-40,5,0,2207.1,21,11.51,0,0
10:37:59,44.81,86.16,86.5,44.66,0,0,31,52,19,50.3,0,27,0,22,8.4,6.5,3,21,0,22,-40,5,0,2207.1,21,11.51,0,0
10:38:00,44.69,86.01,86.37,44.55,0,0,31,51.9,19,50.3,0,27,0,21,8.3,6.5,3,21,0,22,-40,5,0,2207.1,21,11.47,0,0
10:38:01,44.69,86.01,86.37,44.55,0,0,31,51.9,19,50.3,0,27,0,21,8.3,6.5,3,21,0,22,-40,5,0,2207.1,21,11.47,0,0
10:38:02,44.69,86.01,86.37,44.55,0,0,31,51.9,19,50.3,0,27,0,21,8.3,6.5,3,21,0,22,-40,5,0,2207.1,21,11.47,0,0
10:38:03,44.81,86.13,86.47,44.62,0,0,31,51.9,19,50.4,0,27,0,22,8.4,6.6,3,21,0,22,-40,5,0,2207.1,21,11.48,0,0
10:38:04,44.81,86.13,86.47,44.62,0,0,31,51.9,19,50.4,0,27,0,22,8.4,6.6,3,21,0,22,-40,5,0,2207.1,21,11.48,0,0
10:38:05,44.7,86.04,86.39,44.56,0,0,31,51.9,19,50.3,0,27,0,21,8.3,6.5,3,21,0,22,-40,5,0,2207.1,21,11.46,0,0
10:38:06,44.7,86.04,86.39,44.56,0,0,31,51.9,19,50.3,0,27,0,21,8.3,6.5,3,21,0,22,-40,5,0,2207.1,21,11.46,0,0
10:38:07,44.69,86.03,86.41,44.5,0,0,31,51.9,19,50.3,0,27,0,22,8.4,6.5,3,21,0,22,-40,5,0,2207.1,21,11.45,0,0
10:38:08,44.69,86.03,86.41,44.5,0,0,31,51.9,19,50.3,0,27,0,22,8.4,6.5,3,21,0,22,-40,5,0,2207.1,21,11.45,0,0
10:38:09,44.69,86.03,86.41,44.5,0,0,31,51.9,19,50.3,0,27,0,22,8.4,6.5,3,21,0,22,-40,5,0,2207.1,21,11.45,0,0
10:38:10,44.72,86.11,86.42,44.61,0,0,31,52,19,50.3,0,27,0,22,8.4,6.5,3,21,0,22,-40,5,0,2207.1,21,11.47,0,0
10:38:11,44.72,86.11,86.42,44.61,0,0,31,52,19,50.3,0,27,0,22,8.4,6.5,3,21,0,22,-40,5,0,2207.1,21,11.47,0,0
10:38:12,44.78,86.13,86.48,44.64,0,0,31,52,19,50.3,0,27,0,21,8.4,6.6,3,21,0,22,-40,5,0,2207.1,21,11.5,0,0
10:38:13,44.78,86.13,86.48,44.64,0,0,31,52,19,50.3,0,27,0,21,8.4,6.6,3,21,0,22,-40,5,0,2207.1,21,11.5,0,0
10:38:14,44.71,86.08,86.44,44.59,0,0,31,51.9,19,50.4,0,27,0,21,8.4,6.5,3,21,0,22,-40,5,0,2207.1,21,11.47,0,0
10:38:15,44.71,86.08,86.44,44.59,0,0,31,51.9,19,50.4,0,27,0,21,8.4,6.5,3,21,0,22,-40,5,0,2207.1,21,11.47,0,0
10:38:16,44.71,86.08,86.44,44.59,0,0,31,51.9,19,50.4,0,27,0,21,8.4,6.5,3,21,0,22,-40,5,0,2207.1,21,11.47,0,0
10:38:17,44.79,86.16,86.47,44.73,0,0,31,52,19,50.4,0,27,0,22,8.4,6.6,3,21,0,22,-40,5,0,2207.1,21,11.5,0,0
10:38:18,44.79,86.16,86.47,44.73,0,0,31,52,19,50.4,0,27,0,22,8.4,6.6,3,21,0,22,-40,5,0,2207.1,21,11.5,0,0
10:38:19,44.76,86.14,86.43,44.63,0,0,31,52,19,50.4,0,27,0,22,8.4,6.6,3,21,0,22,-40,5,0,2207.1,21,11.51,0,0
10:38:20,44.76,86.14,86.43,44.63,0,0,31,52,19,50.4,0,27,0,22,8.4,6.6,3,21,0,22,-40,5,0,2207.1,21,11.51,0,0
10:38:21,44.74,86.07,86.42,44.59,0,0,31,52,19,50.4,0,27,0,21,8.4,6.6,3,21,0,22,-40,5,0,2207.1,21,11.48,0,0
10:38:22,44.74,86.07,86.42,44.59,0,0,31,52,19,50.4,0,27,0,21,8.4,6.6,3,21,0,22,-40,5,0,2207.1,21,11.48,0,0
10:38:23,44.81,86.16,86.51,44.66,0,0,31,52,19,50.4,0,27,0,22,8.4,6.6,3,21,0,22,-40,5,0,2207.1,21,11.52,0,0
10:38:24,44.81,86.16,86.51,44.66,0,0,31,52,19,50.4,0,27,0,22,8.4,6.6,3,21,0,22,-40,5,0,2207.1,21,11.52,0,0
10:38:25,44.76,86.14,86.42,44.66,0,0,31,51.9,19,50.3,0,27,0,22,8.4,6.6,3,21,0,22,-40,5,0,2207.1,21,11.48,0,0
10:38:26,44.76,86.14,86.42,44.66,0,0,31,51.9,19,50.3,0,27,0,22,8.4,6.6,3,21,0,22,-40,5,0,2207.1,21,11.48,0,0
10:38:27,44.79,86.17,86.51,44.68,0,0,31,52,19,50.4,0,27,0,22,8.4,6.6,3,21,0,22,-40,5,0,2207.1,21,11.52,0,0
10:38:28,44.79,86.17,86.51,44.68,0,0,31,52,19,50.4,0,27,0,22,8.4,6.6,3,21,0,22,-40,5,0,2207.1,21,11.52,0,0
10:38:29,44.74,86.07,86.5,44.61,0,0,31,51.9,19,50.4,0,27,0,21,8.4,6.5,3,21,0,22,-40,5,0,2207.1,21,11.47,0,0
10:38:30,44.74,86.07,86.5,44.61,0,0,31,51.9,19,50.4,0,27,0,21,8.4,6.5,3,21,0,22,-40,5,0,2207.1,21,11.47,0,0
10:38:31,44.69,86.07,86.36,44.58,0,0,31,51.9,19,50.3,0,27,0,21,8.4,6.5,3,21,0,22,-40,5,0,2207.1,21,11.45,0,0
10:38:32,44.69,86.07,86.36,44.58,0,0,31,51.9,19,50.3,0,27,0,21,8.4,6.5,3,21,0,22,-40,5,0,2207.1,21,11.45,0,0
10:38:33,44.76,86.15,86.44,44.53,0,0,31,51.9,19,50.3,0,27,0,22,8.4,6.5,3,21,0,22,-40,5,0,2207.1,21,11.47,0,0
10:38:34,44.76,86.15,86.44,44.53,0,0,31,51.9,19,50.3,0,27,0,22,8.4,6.5,3,21,0,22,-40,5,0,2207.1,21,11.47,0,0
10:38:35,44.76,86.15,86.44,44.53,0,0,31,51.9,19,50.3,0,27,0,22,8.4,6.5,3,21,0,22,-40,5,0,2207.1,21,11.47,0,0
10:38:36,44.76,86.15,86.44,44.53,0,0,31,51.9,19,50.3,0,27,0,22,8.4,6.5,3,21,0,22,-40,5,0,2207.1,21,11.47,0,0
10:38:37,44.76,86.15,86.44,44.53,0,0,31,51.9,19,50.3,0,27,0,22,8.4,6.5,3,21,0,22,-40,5,0,2207.1,21,11.47,0,0
10:38:38,44.79,86.1,86.53,44.66,0,0,31,51.9,19,50.4,0,27,0,22,8.4,6.6,3,21,0,22,-40,5,0,2207.1,21,11.52,0,0
10:38:39,44.79,86.1,86.53,44.66,0,0,31,51.9,19,50.4,0,27,0,22,8.4,6.6,3,21,0,22,-40,5,0,2207.1,21,11.52,0,0
10:38:40,44.79,86.1,86.53,44.66,0,0,31,51.9,19,50.4,0,27,0,22,8.4,6.6,3,21,0,22,-40,5,0,2207.1,21,11.52,0,0
10:38:41,44.73,86.08,86.4,44.58,0,0,31,51.9,19,50.3,0,27,0,22,8.4,6.5,3,21,0,22,-40,5,0,2207.1,21,11.45,0,0
10:38:42,44.73,86.08,86.4,44.58,0,0,31,51.9,19,50.3,0,27,0,22,8.4,6.5,3,21,0,22,-40,5,0,2207.1,21,11.45,0,0
10:38:43,44.73,86.08,86.4,44.58,0,0,31,51.9,19,50.3,0,27,0,22,8.4,6.5,3,21,0,22,-40,5,0,2207.1,21,11.45,0,0
10:38:44,44.81,86.11,86.46,44.54,0,0,31,52,19,50.4,0,27,0,22,8.4,6.6,3,21,0,22,-40,5,0,2207.1,21,11.51,0,0
10:38:45,44.81,86.11,86.46,44.54,0,0,31,52,19,50.4,0,27,0,22,8.4,6.6,3,21,0,22,-40,5,0,2207.1,21,11.51,0,0
10:38:46,44.81,86.11,86.46,44.54,0,0,31,52,19,50.4,0,27,0,22,8.4,6.6,3,21,0,22,-40,5,0,2207.1,21,11.51,0,0
10:38:47,44.71,86.01,86.38,44.49,0,0,31,51.9,19,50.3,0,27,0,22,8.4,6.5,3,21,0,22,-40,5,0,2207.1,21,11.45,0,0
10:38:48,44.71,86.01,86.38,44.49,0,0,31,51.9,19,50.3,0,27,0,22,8.4,6.5,3,21,0,22,-40,5,0,2207.1,21,11.45,0,0
10:38:49,44.71,86.01,86.38,44.49,0,0,31,51.9,19,50.3,0,27,0,22,8.4,6.5,3,21,0,22,-40,5,0,2207.1,21,11.45,0,0
10:38:50,44.71,86.16,86.46,44.69,0,0,31,52,19,50.3,0,27,0,22,8.4,6.6,3,21,0,22,-40,5,0,2207.1,21,11.5,0,0
10:38:51,44.71,86.16,86.46,44.69,0,0,31,52,19,50.3,0,27,0,22,8.4,6.6,3,21,0,22,-40,5,0,2207.1,21,11.5,0,0
10:38:52,44.7,85.99,86.38,44.53,0,0,31,51.9,19,50.3,0,27,0,22,8.4,6.5,3,21,0,22,-40,5,0,2207.1,21,11.46,0,0
10:38:53,44.7,85.99,86.38,44.53,0,0,31,51.9,19,50.3,0,27,0,22,8.4,6.5,3,21,0,22,-40,5,0,2207.1,21,11.46,0,0
10:38:54,44.7,85.99,86.38,44.53,0,0,31,51.9,19,50.3,0,27,0,22,8.4,6.5,3,21,0,22,-40,5,0,2207.1,21,11.46,0,0
10:38:55,44.72,86.09,86.44,44.66,0,0,31,51.9,19,50.4,0,27,0,22,8.4,6.6,3,21,0,22,-40,5,0,2207.1,21,11.47,0,0
10:38:56,44.72,86.09,86.44,44.66,0,0,31,51.9,19,50.4,0,27,0,22,8.4,6.6,3,21,0,22,-40,5,0,2207.1,21,11.47,0,0
10:38:57,44.72,86.09,86.44,44.66,0,0,31,51.9,19,50.4,0,27,0,22,8.4,6.6,3,21,0,22,-40,5,0,2207.1,21,11.47,0,0
10:38:58,44.78,86.12,86.49,44.63,0,0,31,52,19,50.3,0,27,0,21,8.4,6.6,3,21,0,22,-40,5,0,2207.1,21,11.52,0,0
10:38:59,44.78,86.12,86.49,44.63,0,0,31,52,19,50.3,0,27,0,21,8.4,6.6,3,21,0,22,-40,5,0,2207.1,21,11.52,0,0
10:39:00,44.78,86.12,86.49,44.63,0,0,31,52,19,50.3,0,27,0,21,8.4,6.6,3,21,0,22,-40,5,0,2207.1,21,11.52,0,0
10:39:01,44.71,86.06,86.43,44.58,0,0,31,51.9,19,50.3,0,27,0,21,8.4,6.5,3,21,0,22,-40,5,0,2207.1,21,11.47,0,0
10:39:02,44.71,86.06,86.43,44.58,0,0,31,51.9,19,50.3,0,27,0,21,8.4,6.5,3,21,0,22,-40,5,0,2207.1,21,11.47,0,0
10:39:03,44.71,86.06,86.43,44.58,0,0,31,51.9,19,50.3,0,27,0,21,8.4,6.5,3,21,0,22,-40,5,0,2207.1,21,11.47,0,0
10:39:04,44.82,86.18,86.44,44.67,0,0,31,51.9,19,50.4,0,27,0,22,8.4,6.6,3,21,0,22,-40,5,0,2207.1,21,11.52,0,0
10:39:05,44.82,86.18,86.44,44.67,0,0,31,51.9,19,50.4,0,27,0,22,8.4,6.6,3,21,0,22,-40,5,0,2207.1,21,11.52,0,0
10:39:06,44.72,86.05,86.44,44.61,0,0,31,51.9,19,50.4,0,27,0,21,8.4,6.6,3,21,0,22,-40,5,0,2207.1,21,11.48,0,0
10:39:07,44.72,86.05,86.44,44.61,0,0,31,51.9,19,50.4,0,27,0,21,8.4,6.6,3,21,0,22,-40,5,0,2207.1,21,11.48,0,0
10:39:08,44.71,86.04,86.41,44.57,0,0,31,51.9,19,50.3,0,27,0,21,8.3,6.5,3,21,0,22,-40,5,0,2207.1,21,11.47,0,0
10:39:09,44.71,86.04,86.41,44.57,0,0,31,51.9,19,50.3,0,27,0,21,8.3,6.5,3,21,0,22,-40,5,0,2207.1,21,11.47,0,0
10:39:10,44.78,86.14,86.47,44.66,0,0,31,51.9,19,50.4,0,27,0,22,8.4,6.6,3,21,0,22,-40,5,0,2207.1,21,11.49,0,0
10:39:11,44.78,86.14,86.47,44.66,0,0,31,51.9,19,50.4,0,27,0,22,8.4,6.6,3,21,0,22,-40,5,0,2207.1,21,11.49,0,0
10:39:12,44.78,86.14,86.47,44.66,0,0,31,51.9,19,50.4,0,27,0,22,8.4,6.6,3,21,0,22,-40,5,0,2207.1,21,11.49,0,0
10:39:13,44.73,86.11,86.38,44.59,0,0,31,51.9,19,50.3,0,27,0,21,8.4,6.5,3,21,0,22,-40,5,0,2207.1,21,11.47,0,0
10:39:14,44.73,86.11,86.38,44.59,0,0,31,51.9,19,50.3,0,27,0,21,8.4,6.5,3,21,0,22,-40,5,0,2207.1,21,11.47,0,0
10:39:15,44.69,86.04,86.37,44.57,0,0,31,51.9,19,50.3,0,26,0,21,8.4,6.5,3,21,0,22,-40,5,0,2207.1,21,11.47,0,0
10:39:16,44.69,86.04,86.37,44.57,0,0,31,51.9,19,50.3,0,26,0,21,8.4,6.5,3,21,0,22,-40,5,0,2207.1,21,11.47,0,0
10:39:17,44.72,86.04,86.38,44.58,0,0,31,52,19,50.4,0,27,0,22,8.4,6.6,3,21,0,22,-40,5,0,2207.1,21,11.48,0,0
10:39:18,44.72,86.04,86.38,44.58,0,0,31,52,19,50.4,0,27,0,22,8.4,6.6,3,21,0,22,-40,5,0,2207.1,21,11.48,0,0
10:39:19,44.76,86.06,86.46,44.64,0,0,31,51.9,19,50.4,0,27,0,21,8.4,6.6,3,21,0,22,-40,5,0,2207.1,21,11.48,0,0
10:39:20,44.76,86.06,86.46,44.64,0,0,31,51.9,19,50.4,0,27,0,21,8.4,6.6,3,21,0,22,-40,5,0,2207.1,21,11.48,0,0
10:39:21,44.76,85.99,86.42,44.5,0,0,31,51.8,19,50.3,0,27,0,22,8.4,6.5,3,21,0,22,-39,5,0,2207.1,21,11.45,0,0
10:39:22,44.76,85.99,86.42,44.5,0,0,31,51.8,19,50.3,0,27,0,22,8.4,6.5,3,21,0,22,-39,5,0,2207.1,21,11.45,0,0
10:39:23,44.76,85.99,86.42,44.5,0,0,31,51.8,19,50.3,0,27,0,22,8.4,6.5,3,21,0,22,-39,5,0,2207.1,21,11.45,0,0
10:39:24,44.76,86.06,86.41,44.6,0,0,31,51.9,19,50.3,0,27,0,22,8.4,6.6,3,21,0,22,-39,5,0,2207.1,21,11.48,0,0
10:39:25,44.76,86.06,86.41,44.6,0,0,31,51.9,19,50.3,0,27,0,22,8.4,6.6,3,21,0,22,-39,5,0,2207.1,21,11.48,0,0
10:39:26,44.76,86.06,86.41,44.6,0,0,31,51.9,19,50.3,0,27,0,22,8.4,6.6,3,21,0,22,-39,5,0,2207.1,21,11.48,0,0
10:39:27,44.72,86.09,86.42,44.66,0,0,31,51.9,19,50.4,0,26,0,21,8.4,6.6,3,21,0,22,-39,5,0,2207.1,21,11.49,0,0
10:39:28,44.72,86.09,86.42,44.66,0,0,31,51.9,19,50.4,0,26,0,21,8.4,6.6,3,21,0,22,-39,5,0,2207.1,21,11.49,0,0
10:39:29,44.72,86.09,86.42,44.66,0,0,31,51.9,19,50.4,0,26,0,21,8.4,6.6,3,21,0,22,-39,5,0,2207.1,21,11.49,0,0
10:39:30,44.78,86.14,86.48,44.63,0,0,31,51.9,19,50.3,0,27,0,22,8.4,6.6,3,21,0,22,-39,5,0,2207.1,21,11.51,0,0
10:39:31,44.78,86.14,86.48,44.63,0,0,31,51.9,19,50.3,0,27,0,22,8.4,6.6,3,21,0,22,-39,5,0,2207.1,21,11.51,0,0
10:39:32,44.78,86.14,86.48,44.63,0,0,31,51.9,19,50.3,0,27,0,22,8.4,6.6,3,21,0,22,-39,5,0,2207.1,21,11.51,0,0
10:39:33,44.71,86.05,86.42,44.54,0,0,31,51.9,19,50.3,0,27,0,21,8.4,6.5,3,21,0,22,-39,5,0,2207.1,21,11.46,0,0
10:39:34,44.71,86.05,86.42,44.54,0,0,31,51.9,19,50.3,0,27,0,21,8.4,6.5,3,21,0,22,-39,5,0,2207.1,21,11.46,0,0
10:39:35,44.71,86.05,86.42,44.54,0,0,31,51.9,19,50.3,0,27,0,21,8.4,6.5,3,21,0,22,-39,5,0,2207.1,21,11.46,0,0
10:39:36,44.78,86.15,86.51,44.66,0,0,31,51.9,19,50.4,0,27,0,21,8.4,6.6,3,21,0,22,-39,5,0,2207.1,21,11.49,0,0
10:39:37,44.78,86.15,86.51,44.66,0,0,31,51.9,19,50.4,0,27,0,21,8.4,6.6,3,21,0,22,-39,5,0,2207.1,21,11.49,0,0
10:39:38,44.7,86.07,86.37,44.61,0,0,31,52,19,50.4,0,27,0,21,8.4,6.6,3,21,0,22,-39,5,0,2207.1,21,11.47,0,0
10:39:39,44.7,86.07,86.37,44.61,0,0,31,52,19,50.4,0,27,0,21,8.4,6.6,3,21,0,22,-39,5,0,2207.1,21,11.47,0,0
10:39:40,44.69,86,86.36,44.56,0,0,31,51.9,19,50.4,0,27,0,22,8.4,6.6,3,21,0,22,-39,5,0,2207.1,21,11.47,0,0
10:39:41,44.69,86,86.36,44.56,0,0,31,51.9,19,50.4,0,27,0,22,8.4,6.6,3,21,0,22,-39,5,0,2207.1,21,11.47,0,0
10:39:42,44.73,86.04,86.44,44.59,0,0,31,51.9,19,50.4,0,27,0,22,8.4,6.6,3,21,0,22,-39,5,0,2207.1,21,11.48,0,0
10:39:43,44.73,86.04,86.44,44.59,0,0,31,51.9,19,50.4,0,27,0,22,8.4,6.6,3,21,0,22,-39,5,0,2207.1,21,11.48,0,0
10:39:44,44.73,86.04,86.44,44.59,0,0,31,51.9,19,50.4,0,27,0,22,8.4,6.6,3,21,0,22,-39,5,0,2207.1,21,11.48,0,0
10:39:45,44.73,86.07,86.46,44.59,0,0,31,51.8,19,50.3,0,27,0,21,8.4,6.6,3,21,0,22,-39,5,0,2207.1,21,11.48,0,0
10:39:46,44.73,86.07,86.46,44.59,0,0,31,51.8,19,50.3,0,27,0,21,8.4,6.6,3,21,0,22,-39,5,0,2207.1,21,11.48,0,0
10:39:47,44.78,86.13,86.49,44.58,0,0,31,51.9,19,50.3,0,27,0,22,8.4,6.6,3,21,0,22,-39,5,0,2207.1,21,11.47,0,0
10:39:48,44.78,86.13,86.49,44.58,0,0,31,51.9,19,50.3,0,27,0,22,8.4,6.6,3,21,0,22,-39,5,0,2207.1,21,11.47,0,0
10:39:49,44.78,86.13,86.49,44.58,0,0,31,51.9,19,50.3,0,27,0,22,8.4,6.6,3,21,0,22,-39,5,0,2207.1,21,11.47,0,0
10:39:50,44.77,86.13,86.42,44.59,0,0,31,51.9,19,50.4,0,26,0,21,8.4,6.6,3,21,0,22,-39,5,0,2207.1,21,11.49,0,0
10:39:51,44.77,86.13,86.42,44.59,0,0,31,51.9,19,50.4,0,26,0,21,8.4,6.6,3,21,0,22,-39,5,0,2207.1,21,11.49,0,0
10:39:52,44.69,86.04,86.47,44.54,0,0,31,51.9,19,50.4,0,27,0,22,8.4,6.6,3,21,0,22,-39,5,0,2207.1,21,11.47,0,0
10:39:53,44.69,86.04,86.47,44.54,0,0,31,51.9,19,50.4,0,27,0,22,8.4,6.6,3,21,0,22,-39,5,0,2207.1,21,11.47,0,0
10:39:54,44.83,86.18,86.47,44.71,0,0,31,51.9,19,50.3,0,27,0,22,8.4,6.6,3,21,0,22,-39,5,0,2207.1,21,11.5,0,0
10:39:55,44.83,86.18,86.47,44.71,0,0,31,51.9,19,50.3,0,27,0,22,8.4,6.6,3,21,0,22,-39,5,0,2207.1,21,11.5,0,0
10:39:56,44.78,86.12,86.47,44.67,0,0,31,51.9,19,50.3,0,27,0,22,8.4,6.6,3,21,0,22,-39,5,0,2207.1,21,11.5,0,0
10:39:57,44.78,86.12,86.47,44.67,0,0,31,51.9,19,50.3,0,27,0,22,8.4,6.6,3,21,0,22,-39,5,0,2207.1,21,11.5,0,0
10:39:58,44.71,86.05,86.39,44.66,0,0,31,51.9,19,50.4,0,27,0,22,8.4,6.6,3,21,0,22,-39,5,0,2207.1,21.1,11.5,0,0
10:39:59,44.71,86.05,86.39,44.66,0,0,31,51.9,19,50.4,0,27,0,22,8.4,6.6,3,21,0,22,-39,5,0,2207.1,21.1,11.5,0,0
10:40:00,44.69,86.01,86.38,44.53,0,0,31,51.9,19,50.4,0,26,0,22,8.4,6.6,3,21,0,22,-39,5,0,2207.1,21,11.48,0,0
10:40:01,44.69,86.01,86.38,44.53,0,0,31,51.9,19,50.4,0,26,0,22,8.4,6.6,3,21,0,22,-39,5,0,2207.1,21,11.48,0,0
10:40:02,44.66,86.04,86.36,44.54,0,0,31,51.8,19,50.3,0,26,0,22,8.3,6.5,3,21,0,22,-39,5,0,2207.1,21,11.45,0,0
10:40:03,44.66,86.04,86.36,44.54,0,0,31,51.8,19,50.3,0,26,0,22,8.3,6.5,3,21,0,22,-39,5,0,2207.1,21,11.45,0,0
10:40:04,44.67,86.04,86.36,44.53,0,0,31,51.9,19,50.3,0,26,0,22,8.4,6.6,3,21,0,22,-39,5,0,2207.1,21,11.45,0,0
10:40:05,44.67,86.04,86.36,44.53,0,0,31,51.9,19,50.3,0,26,0,22,8.4,6.6,3,21,0,22,-39,5,0,2207.1,21,11.45,0,0
10:40:06,44.67,86.04,86.36,44.53,0,0,31,51.9,19,50.3,0,26,0,22,8.4,6.6,3,21,0,22,-39,5,0,2207.1,21,11.45,0,0
10:40:07,44.67,86.04,86.36,44.53,0,0,31,51.9,19,50.3,0,26,0,22,8.4,6.6,3,21,0,22,-39,5,0,2207.1,21,11.45,0,0
10:40:08,44.78,86.16,86.49,44.69,0,0,31,51.8,19,50.3,0,27,0,22,8.4,6.6,3,21,0,22,-39,5,0,2207.1,21.1,11.45,0,0
10:40:09,44.78,86.16,86.49,44.69,0,0,31,51.8,19,50.3,0,27,0,22,8.4,6.6,3,21,0,22,-39,5,0,2207.1,21.1,11.45,0,0
10:40:10,44.78,86.16,86.49,44.69,0,0,31,51.8,19,50.3,0,27,0,22,8.4,6.6,3,21,0,22,-39,5,0,2207.1,21.1,11.45,0,0
10:40:11,44.76,86.14,86.47,44.67,0,0,31,51.8,19,50.4,0,27,0,22,8.4,6.6,3,21,0,22,-39,5,0,2207.1,21,11.45,0,0
10:40:12,44.76,86.14,86.47,44.67,0,0,31,51.8,19,50.4,0,27,0,22,8.4,6.6,3,21,0,22,-39,5,0,2207.1,21,11.45,0,0
10:40:13,44.72,86.01,86.42,44.58,0,0,31,51.8,19,50.4,0,26,0,21,8.4,6.6,3,21,0,22,-39,5,0,2207.1,21,11.46,0,0
10:40:14,44.72,86.01,86.42,44.58,0,0,31,51.8,19,50.4,0,26,0,21,8.4,6.6,3,21,0,22,-39,5,0,2207.1,21,11.46,0,0
10:40:15,44.72,86.01,86.42,44.58,0,0,31,51.8,19,50.4,0,26,0,21,8.4,6.6,3,21,0,22,-39,5,0,2207.1,21,11.46,0,0
10:40:16,44.81,86.15,86.53,44.67,0,0,31,51.9,19,50.4,0,27,0,22,8.4,6.6,3,21,0,22,-39,5,0,2207.1,21,11.52,0,0
10:40:17,44.81,86.15,86.53,44.67,0,0,31,51.9,19,50.4,0,27,0,22,8.4,6.6,3,21,0,22,-39,5,0,2207.1,21,11.52,0,0
10:40:18,44.81,86.15,86.53,44.67,0,0,31,51.9,19,50.4,0,27,0,22,8.4,6.6,3,21,0,22,-39,5,0,2207.1,21,11.52,0,0
10:40:19,44.79,86.21,86.52,44.67,0,0,31,51.9,19,50.4,0,27,0,22,8.4,6.6,3,21,0,22,-39,5,0,2207.1,21.1,11.49,0,0
10:40:20,44.79,86.21,86.52,44.67,0,0,31,51.9,19,50.4,0,27,0,22,8.4,6.6,3,21,0,22,-39,5,0,2207.1,21.1,11.49,0,0
10:40:21,44.74,86.16,86.45,44.69,0,0,31,51.8,19,50.4,0,26,0,22,8.4,6.6,3,21,0,22,-39,5,0,2207.1,21.1,11.51,0,0
10:40:22,44.75,86.1,86.53,44.66,0,0,31,52.1,19,50.4,0,28,0,22,8.4,6.6,3,21,0,22,-37,5,0,2207.1,21,11.51,0,0
10:40:23,44.75,86.1,86.53,44.66,0,0,31,52.1,19,50.4,0,28,0,22,8.4,6.6,3,21,0,22,-37,5,0,2207.1,21,11.51,0,0
10:40:24,44.69,86.06,86.4,44.59,0,0,31,52.1,19,50.3,0,27,0,21,8.4,6.6,3,21,0,22,-37,5,0,2207.1,21,11.47,0,0
10:40:25,44.69,86.06,86.4,44.59,0,0,31,52.1,19,50.3,0,27,0,21,8.4,6.6,3,21,0,22,-37,5,0,2207.1,21,11.47,0,0
10:40:26,44.69,86.06,86.4,44.59,0,0,31,52.1,19,50.3,0,27,0,21,8.4,6.6,3,21,0,22,-38,5,0,2207.1,21,11.47,0,0
10:40:27,44.76,86.1,86.49,44.65,0,0,31,52.1,19,50.3,0,28,0,22,8.4,6.6,3,21,0,22,-38,5,0,2207.1,21,11.52,0,0
10:40:28,44.76,86.1,86.49,44.65,0,0,31,52.1,19,50.3,0,28,0,22,8.4,6.6,3,21,0,22,-38,5,0,2207.1,21,11.52,0,0
10:40:29,44.71,86.08,86.42,44.56,0,0,31,52,19,50.3,0,27,0,21,8.3,6.5,3,21,0,22,-38,5,0,2207.1,21,11.47,0,0
10:40:30,44.71,86.08,86.42,44.56,0,0,31,52,19,50.3,0,27,0,21,8.3,6.5,3,21,0,22,-38,5,0,2207.1,21,11.47,0,0
10:40:31,44.71,86.08,86.42,44.56,0,0,31,52,19,50.3,0,27,0,21,8.3,6.5,3,21,0,22,-38,5,0,2207.1,21,11.47,0,0
10:40:32,44.67,86.05,86.4,44.55,0,0,31,52,19,50.3,0,27,0,21,8.3,6.5,3,21,0,22,-38,5,0,2207.1,21,11.47,0,0
10:40:33,44.67,86.05,86.4,44.55,0,0,31,52,19,50.3,0,27,0,21,8.3,6.5,3,21,0,22,-38,5,0,2207.1,21,11.47,0,0
10:40:34,44.83,86.14,86.53,44.66,0,0,31,52.1,19,50.4,0,28,0,22,8.4,6.6,3,21,0,22,-38,5,0,2207.1,21,11.52,0,0
10:40:35,44.83,86.14,86.53,44.66,0,0,31,52.1,19,50.4,0,28,0,22,8.4,6.6,3,21,0,22,-38,5,0,2207.1,21,11.52,0,0
10:40:36,44.76,86.06,86.5,44.59,0,0,31,52,19,50.4,0,27,0,21,8.4,6.6,3,21,0,22,-38,5,0,2207.1,21,11.49,0,0
10:40:37,44.76,86.06,86.5,44.59,0,0,31,52,19,50.4,0,27,0,21,8.4,6.6,3,21,0,22,-38,5,0,2207.1,21,11.49,0,0
10:40:38,44.76,86.06,86.5,44.59,0,0,31,52,19,50.4,0,27,0,21,8.4,6.6,3,21,0,22,-38,5,0,2207.1,21,11.49,0,0
10:40:39,44.78,86.1,86.48,44.6,0,0,31,52,19,50.3,0,27,0,21,8.4,6.6,3,21,0,22,-38,5,0,2207.1,21,11.49,0,0
10:40:40,44.78,86.1,86.48,44.6,0,0,31,52,19,50.3,0,27,0,21,8.4,6.6,3,21,0,22,-38,5,0,2207.1,21,11.49,0,0
10:40:41,44.76,86.11,86.51,44.62,0,0,31,52.1,19,50.4,0,27,0,21,8.4,6.6,3,21,0,22,-38,5,0,2207.1,21,11.47,0,0
10:40:42,44.76,86.11,86.51,44.62,0,0,31,52.1,19,50.4,0,27,0,21,8.4,6.6,3,21,0,22,-38,5,0,2207.1,21,11.47,0,0
10:40:43,44.72,86.01,86.39,44.54,0,0,31,52,19,50.3,0,27,0,22,8.3,6.6,3,21,0,22,-38,5,0,2207.1,21,11.44,0,0
10:40:44,44.72,86.01,86.39,44.54,0,0,31,52,19,50.3,0,27,0,22,8.3,6.6,3,21,0,22,-38,5,0,2207.1,21,11.44,0,0
10:40:45,44.72,86.01,86.39,44.54,0,0,31,52,19,50.3,0,27,0,22,8.3,6.6,3,21,0,22,-38,5,0,2207.1,21,11.45,0,0
10:40:46,44.71,86.08,86.38,44.59,0,0,31,52.1,19,50.4,0,27,0,22,8.4,6.6,3,21,0,22,-38,5,0,2207.1,21,11.45,0,0
10:40:47,44.71,86.08,86.38,44.59,0,0,31,52.1,19,50.4,0,27,0,22,8.4,6.6,3,21,0,22,-38,5,0,2207.1,21,11.45,0,0
10:40:48,44.7,86.08,86.5,44.55,0,0,31,52,19,50.3,0,28,0,22,8.4,6.6,3,21,0,22,-38,5,0,2207.1,21,11.46,0,0
10:40:49,44.7,86.08,86.5,44.55,0,0,31,52,19,50.3,0,28,0,22,8.4,6.6,3,21,0,22,-38,5,0,2207.1,21,11.46,0,0
10:40:50,44.81,86.19,86.53,44.7,0,0,31,52.1,19,50.3,0,28,0,22,8.4,6.6,3,21,0,22,-38,5,0,2207.1,21,11.51,0,0
10:40:51,44.81,86.19,86.53,44.7,0,0,31,52.1,19,50.3,0,28,0,22,8.4,6.6,3,21,0,22,-38,5,0,2207.1,21,11.51,0,0
10:40:52,44.7,86.03,86.43,44.56,0,0,31,52.1,19,50.4,0,27,0,22,8.4,6.6,3,21,0,22,-38,5,0,2207.1,21,11.47,0,0
10:40:53,44.7,86.03,86.43,44.56,0,0,31,52.1,19,50.4,0,27,0,22,8.4,6.6,3,21,0,22,-38,5,0,2207.1,21,11.47,0,0
10:40:54,44.77,86.12,86.49,44.67,0,0,31,52.1,19,50.4,0,28,0,22,8.4,6.6,3,21,0,22,-38,5,0,2207.1,21,11.51,0,0
10:40:55,44.77,86.12,86.49,44.67,0,0,31,52.1,19,50.4,0,28,0,22,8.4,6.6,3,21,0,22,-38,5,0,2207.1,21,11.51,0,0
10:40:56,44.79,86.03,86.47,44.57,0,0,31,52.1,19,50.4,0,28,0,22,8.4,6.6,3,21,0,22,-38,5,0,2207.1,21,11.49,0,0
10:40:57,44.79,86.03,86.47,44.57,0,0,31,52.1,19,50.4,0,28,0,22,8.4,6.6,3,21,0,22,-38,5,0,2207.1,21,11.49,0,0
10:40:58,44.73,86.08,86.41,44.59,0,0,31,52,19,50.4,0,27,0,21,8.4,6.6,3,21,0,22,-38,5,0,2207.1,21,11.48,0,0
10:40:59,44.73,86.08,86.41,44.59,0,0,31,52,19,50.4,0,27,0,21,8.4,6.6,3,21,0,22,-38,5,0,2207.1,21,11.48,0,0
10:41:00,44.67,86.04,86.38,44.61,0,0,31,52.1,19,50.4,0,28,0,22,8.4,6.6,3,21,0,22,-38,5,0,2207.1,21,11.46,0,0
10:41:01,44.67,86.04,86.38,44.61,0,0,31,52.1,19,50.4,0,28,0,22,8.4,6.6,3,21,0,22,-38,5,0,2207.1,21,11.46,0,0
10:41:02,44.82,86.14,86.5,44.67,0,0,31,52,19,50.3,0,27,0,22,8.4,6.6,3,21,0,22,-38,5,0,2207.1,21,11.51,0,0
10:41:03,44.82,86.14,86.5,44.67,0,0,31,52,19,50.3,0,27,0,22,8.4,6.6,3,21,0,22,-38,5,0,2207.1,21,11.51,0,0
10:41:04,44.75,86.11,86.41,44.61,0,0,31,52.1,19,50.3,0,27,0,21,8.4,6.6,3,21,0,22,-38,5,0,2207.1,21,11.47,0,0
10:41:05,44.75,86.11,86.41,44.61,0,0,31,52.1,19,50.3,0,27,0,21,8.4,6.6,3,21,0,22,-38,5,0,2207.1,21,11.47,0,0
10:41:06,44.75,86.11,86.41,44.61,0,0,31,52.1,19,50.3,0,27,0,21,8.4,6.6,3,21,0,22,-38,5,0,2207.1,21,11.47,0,0
10:41:07,44.75,86.11,86.41,44.61,0,0,31,52.1,19,50.3,0,27,0,21,8.4,6.6,3,21,0,22,-38,5,0,2207.1,21,11.47,0,0
10:41:08,44.75,86.11,86.41,44.61,0,0,31,52.1,19,50.3,0,27,0,21,8.4,6.6,3,21,0,22,-38,5,0,2207.1,21,11.47,0,0
10:41:09,44.81,86.11,86.48,44.69,0,0,31,52,19,50.3,0,28,0,22,8.4,6.5,3,21,0,22,-39,5,0,2207.1,20.9,11.51,0,0
10:41:10,44.81,86.11,86.48,44.69,0,0,31,52,19,50.3,0,28,0,22,8.4,6.5,3,21,0,22,-39,5,0,2207.1,20.9,11.51,0,0
10:41:11,44.73,86.05,86.4,44.6,0,0,31,52,19,50.4,0,27,0,21,8.4,6.6,3,21,0,22,-39,5,0,2207.1,21,11.48,0,0
10:41:12,44.73,86.05,86.4,44.6,0,0,31,52,19,50.4,0,27,0,21,8.4,6.6,3,21,0,22,-39,5,0,2207.1,21,11.48,0,0
10:41:13,44.73,86.05,86.4,44.6,0,0,31,52,19,50.4,0,27,0,21,8.4,6.6,3,21,0,22,-39,5,0,2207.1,21,11.48,0,0
10:41:14,44.72,86.07,86.42,44.6,0,0,31,52,19,50.4,0,27,0,21,8.4,6.6,3,21,0,22,-39,5,0,2207.1,21,11.48,0,0
10:41:15,44.72,86.07,86.42,44.6,0,0,31,52,19,50.4,0,27,0,21,8.4,6.6,3,21,0,22,-39,5,0,2207.1,21,11.48,0,0
10:41:16,44.72,86.07,86.42,44.6,0,0,31,52,19,50.4,0,27,0,21,8.4,6.6,3,21,0,22,-39,5,0,2207.1,21,11.48,0,0
10:41:17,44.74,86.1,86.47,44.59,0,0,31,52,19,50.3,0,27,0,21,8.3,6.5,3,21,0,22,-39,5,0,2207.1,21,11.49,0,0
10:41:18,44.74,86.1,86.47,44.59,0,0,31,52,19,50.3,0,27,0,21,8.3,6.5,3,21,0,22,-39,5,0,2207.1,21,11.49,0,0
10:41:19,44.74,86.1,86.47,44.59,0,0,31,52,19,50.3,0,27,0,21,8.3,6.5,3,21,0,22,-39,5,0,2207.1,21,11.49,0,0
10:41:20,44.69,85.99,86.43,44.53,0,0,31,52,19,50.3,0,27,0,21,8.4,6.6,3,21,0,22,-39,5,0,2207.1,21,11.45,0,0
10:41:21,44.69,85.99,86.43,44.53,0,0,31,52,19,50.3,0,27,0,21,8.4,6.6,3,21,0,22,-39,5,0,2207.1,21,11.45,0,0
10:41:22,44.69,85.99,86.43,44.53,0,0,31,52,19,50.3,0,27,0,21,8.4,6.6,3,21,0,22,-39,5,0,2207.1,21,11.45,0,0
10:41:23,44.82,86.14,86.51,44.65,0,0,31,52,19,50.4,0,27,0,22,8.4,6.6,3,21,0,22,-39,5,0,2207.1,21,11.49,0,0
10:41:24,44.82,86.14,86.51,44.65,0,0,31,52,19,50.4,0,27,0,22,8.4,6.6,3,21,0,22,-39,5,0,2207.1,21,11.49,0,0
10:41:25,44.77,86.11,86.51,44.67,0,0,31,52,19,50.4,0,28,0,22,8.4,6.6,3,21,0,22,-39,5,0,2207.1,21,11.51,0,0
10:41:26,44.77,86.11,86.51,44.67,0,0,31,52,19,50.4,0,28,0,22,8.4,6.6,3,21,0,22,-39,5,0,2207.1,21,11.51,0,0
10:41:27,44.77,86.11,86.51,44.67,0,0,31,52,19,50.4,0,28,0,22,8.4,6.6,3,21,0,22,-39,5,0,2207.1,21,11.51,0,0
10:41:28,44.72,86.1,86.43,44.59,0,0,31,52,19,50.3,0,27,0,21,8.4,6.5,3,21,0,22,-39,5,0,2207.1,21,11.48,0,0
10:41:29,44.72,86.1,86.43,44.59,0,0,31,52,19,50.3,0,27,0,21,8.4,6.5,3,21,0,22,-39,5,0,2207.1,21,11.48,0,0
10:41:30,44.83,86.15,86.47,44.69,0,0,31,52,19,50.4,0,27,0,22,8.4,6.6,3,21,0,22,-39,5,0,2207.1,21,11.5,0,0
10:41:31,44.83,86.15,86.47,44.69,0,0,31,52,19,50.4,0,27,0,22,8.4,6.6,3,21,0,22,-39,5,0,2207.1,21,11.5,0,0
10:41:32,44.83,86.15,86.47,44.69,0,0,31,52,19,50.4,0,27,0,22,8.4,6.6,3,21,0,22,-39,5,0,2207.1,21,11.5,0,0
10:41:33,44.79,86.13,86.42,44.65,0,0,31,52,19,50.4,0,27,0,21,8.4,6.6,3,21,0,22,-39,5,0,2207.1,21,11.5,0,0
10:41:34,44.79,86.13,86.42,44.65,0,0,31,52,19,50.4,0,27,0,21,8.4,6.6,3,21,0,22,-39,5,0,2207.1,21,11.5,0,0
10:41:35,44.79,86.06,86.54,44.64,0,0,31,52,19,50.3,0,28,0,22,8.4,6.5,3,21,0,22,-39,5,0,2207.1,21,11.48,0,0
10:41:36,44.79,86.06,86.54,44.64,0,0,31,52,19,50.3,0,28,0,22,8.4,6.5,3,21,0,22,-39,5,0,2207.1,21,11.48,0,0
10:41:37,44.82,86.15,86.52,44.66,0,0,31,52,19,50.4,0,28,0,22,8.4,6.6,3,21,0,22,-39,5,0,2207.1,21,11.51,0,0
10:41:38,44.82,86.15,86.52,44.66,0,0,31,52,19,50.4,0,28,0,22,8.4,6.6,3,21,0,22,-39,5,0,2207.1,21,11.51,0,0
10:41:39,44.64,86.06,86.38,44.6,0,0,31,52,19,50.4,0,27,0,21,8.4,6.6,3,21,0,22,-39,5,0,2207.1,21,11.48,0,0
10:41:40,44.64,86.06,86.38,44.6,0,0,31,52,19,50.4,0,27,0,21,8.4,6.6,3,21,0,22,-39,5,0,2207.1,21,11.48,0,0
10:41:41,44.64,86.06,86.38,44.6,0,0,31,52,19,50.4,0,27,0,21,8.4,6.6,3,21,0,22,-39,5,0,2207.1,21,11.48,0,0
10:41:42,44.74,86.05,86.47,44.61,0,0,31,52,19,50.3,0,27,0,21,8.4,6.5,3,21,0,22,-39,5,0,2207.1,21,11.47,0,0
10:41:43,44.73,86.07,86.4,44.61,0,0,31,52,19,50.3,0,27,0,22,8.4,6.6,3,21,0,22,-39,5,0,2207.1,21,11.47,0,0
10:41:44,44.73,86.07,86.4,44.61,0,0,31,52,19,50.3,0,27,0,22,8.4,6.6,3,21,0,22,-39,5,0,2207.1,21,11.47,0,0
10:41:45,44.81,86.15,86.43,44.66,0,0,31,52,19,50.4,0,27,0,22,8.4,6.6,3,21,0,22,-40,5,0,2207.1,21,11.51,0,0
10:41:46,44.81,86.15,86.43,44.66,0,0,31,52,19,50.4,0,27,0,22,8.4,6.6,3,21,0,22,-40,5,0,2207.1,21,11.51,0,0
10:41:47,44.74,86.08,86.43,44.57,0,0,31,52,19,50.3,0,27,0,21,8.3,6.6,3,21,0,22,-40,5,0,2207.1,21,11.47,0,0
10:41:48,44.74,86.08,86.43,44.57,0,0,31,52,19,50.3,0,27,0,21,8.3,6.6,3,21,0,22,-40,5,0,2207.1,21,11.47,0,0
10:41:49,44.72,86.04,86.42,44.54,0,0,31,52,19,50.4,0,27,0,21,8.4,6.6,3,21,0,22,-40,5,0,2207.1,21,11.49,0,0
10:41:50,44.72,86.04,86.42,44.54,0,0,31,52,19,50.4,0,27,0,21,8.4,6.6,3,21,0,22,-40,5,0,2207.1,21,11.49,0,0
10:41:51,44.69,86.03,86.43,44.58,0,0,31,52,19,50.3,0,27,0,21,8.4,6.5,3,21,0,22,-40,5,0,2207.1,21,11.45,0,0
10:41:52,44.69,86.03,86.43,44.58,0,0,31,52,19,50.3,0,27,0,21,8.4,6.5,3,21,0,22,-40,5,0,2207.1,21,11.45,0,0
10:41:53,44.66,86.02,86.44,44.54,0,0,31,51.9,19,50.4,0,27,0,22,8.3,6.5,3,21,0,22,-40,5,0,2207.1,21,11.44,0,0
10:41:54,44.66,86.02,86.44,44.54,0,0,31,51.9,19,50.4,0,27,0,22,8.3,6.5,3,21,0,22,-40,5,0,2207.1,21,11.44,0,0
10:41:55,44.66,86.02,86.44,44.54,0,0,31,51.9,19,50.4,0,27,0,22,8.3,6.5,3,21,0,22,-40,5,0,2207.1,21,11.44,0,0
10:41:56,44.75,86.12,86.42,44.69,0,0,31,52,19,50.4,0,27,0,22,8.4,6.6,3,21,0,22,-40,5,0,2207.1,21,11.51,0,0
10:41:57,44.75,86.12,86.42,44.69,0,0,31,52,19,50.4,0,27,0,22,8.4,6.6,3,21,0,22,-40,5,0,2207.1,21,11.51,0,0
10:41:58,44.75,86.12,86.42,44.69,0,0,31,52,19,50.4,0,27,0,22,8.4,6.6,3,21,0,22,-40,5,0,2207.1,21,11.51,0,0
10:41:59,44.67,86.02,86.36,44.56,0,0,31,51.9,19,50.3,0,27,0,21,8.3,6.5,3,21,0,22,-40,5,0,2207.1,21,11.45,0,0
10:42:00,44.67,86.02,86.36,44.56,0,0,31,51.9,19,50.3,0,27,0,21,8.3,6.5,3,21,0,22,-40,5,0,2207.1,21,11.45,0,0
10:42:01,44.67,86.02,86.36,44.56,0,0,31,51.9,19,50.3,0,27,0,21,8.3,6.5,3,21,0,22,-40,5,0,2207.1,21,11.45,0,0
10:42:02,44.81,86.16,86.5,44.66,0,0,31,52,19,50.3,0,27,0,22,8.4,6.5,3,21,0,22,-40,5,0,2207.1,21,11.51,0,0
10:42:03,44.81,86.16,86.5,44.66,0,0,31,52,19,50.3,0,27,0,22,8.4,6.5,3,21,0,22,-40,5,0,2207.1,21,11.51,0,0
10:42:04,44.69,86.01,86.37,44.55,0,0,31,51.9,19,50.3,0,27,0,21,8.3,6.5,3,21,0,22,-40,5,0,2207.1,21,11.47,0,0
10:42:05,44.69,86.01,86.37,44.55,0,0,31,51.9,19,50.3,0,27,0,21,8.3,6.5,3,21,0,22,-40,5,0,2207.1,21,11.47,0,0
10:42:06,44.69,86.01,86.37,44.55,0,0,31,51.9,19,50.3,0,27,0,21,8.3,6.5,3,21,0,22,-40,5,0,2207.1,21,11.47,0,0
10:42:07,44.81,86.13,86.47,44.62,0,0,31,51.9,19,50.4,0,27,0,22,8.4,6.6,3,21,0,22,-40,5,0,2207.1,21,11.48,0,0
10:42:08,44.81,86.13,86.47,44.62,0,0,31,51.9,19,50.4,0,27,0,22,8.4,6.6,3,21,0,22,-40,5,0,2207.1,21,11.48,0,0
10:42:09,44.7,86.04,86.39,44.56,0,0,31,51.9,19,50.3,0,27,0,21,8.3,6.5,3,21,0,22,-40,5,0,2207.1,21,11.46,0,0
10:42:10,44.7,86.04,86.39,44.56,0,0,31,51.9,19,50.3,0,27,0,21,8.3,6.5,3,21,0,22,-40,5,0,2207.1,21,11.46,0,0
10:42:11,44.69,86.03,86.41,44.5,0,0,31,51.9,19,50.3,0,27,0,22,8.4,6.5,3,21,0,22,-40,5,0,2207.1,21,11.45,0,0
10:42:12,44.69,86.03,86.41,44.5,0,0,31,51.9,19,50.3,0,27,0,22,8.4,6.5,3,21,0,22,-40,5,0,2207.1,21,11.45,0,0
10:42:13,44.69,86.03,86.41,44.5,0,0,31,51.9,19,50.3,0,27,0,22,8.4,6.5,3,21,0,22,-40,5,0,2207.1,21,11.45,0,0
10:42:14,44.72,86.11,86.42,44.61,0,0,31,52,19,50.3,0,27,0,22,8.4,6.5,3,21,0,22,-40,5,0,2207.1,21,11.47,0,0
10:42:15,44.72,86.11,86.42,44.61,0,0,31,52,19,50.3,0,27,0,22,8.4,6.5,3,21,0,22,-40,5,0,2207.1,21,11.47,0,0
10:42:16,44.78,86.13,86.48,44.64,0,0,31,52,19,50.3,0,27,0,21,8.4,6.6,3,21,0,22,-40,5,0,2207.1,21,11.5,0,0
10:42:17,44.78,86.13,86.48,44.64,0,0,31,52,19,50.3,0,27,0,21,8.4,6.6,3,21,0,22,-40,5,0,2207.1,21,11.5,0,0
10:42:18,44.71,86.08,86.44,44.59,0,0,31,51.9,19,50.4,0,27,0,21,8.4,6.5,3,21,0,22,-40,5,0,2207.1,21,11.47,0,0
10:42:19,44.71,86.08,86.44,44.59,0,0,31,51.9,19,50.4,0,27,0,21,8.4,6.5,3,21,0,22,-40,5,0,2207.1,21,11.47,0,0
10:42:20,44.71,86.08,86.44,44.59,0,0,31,51.9,19,50.4,0,27,0,21,8.4,6.5,3,21,0,22,-40,5,0,2207.1,21,11.47,0,0
10:42:21,44.79,86.16,86.47,44.73,0,0,31,52,19,50.4,0,27,0,22,8.4,6.6,3,21,0,22,-40,5,0,2207.1,21,11.5,0,0
10:42:22,44.79,86.16,86.47,44.73,0,0,31,52,19,50.4,0,27,0,22,8.4,6.6,3,21,0,22,-40,5,0,2207.1,21,11.5,0,0
10:42:23,44.76,86.14,86.43,44.63,0,0,31,52,19,50.4,0,27,0,22,8.4,6.6,3,21,0,22,-40,5,0,2207.1,21,11.51,0,0
10:42:24,44.76,86.14,86.43,44.63,0,0,31,52,19,50.4,0,27,0,22,8.4,6.6,3,21,0,22,-40,5,0,2207.1,21,11.51,0,0
10:42:25,44.74,86.07,86.42,44.59,0,0,31,52,19,50.4,0,27,0,21,8.4,6.6,3,21,0,22,-40,5,0,2207.1,21,11.48,0,0
10:42:26,44.74,86.07,86.42,44.59,0,0,31,52,19,50.4,0,27,0,21,8.4,6.6,3,21,0,22,-40,5,0,2207.1,21,11.48,0,0
10:42:27,44.81,86.16,86.51,44.66,0,0,31,52,19,50.4,0,27,0,22,8.4,6.6,3,21,0,22,-40,5,0,2207.1,21,11.52,0,0
10:42:28,44.81,86.16,86.51,44.66,0,0,31,52,19,50.4,0,27,0,22,8.4,6.6,3,21,0,22,-40,5,0,2207.1,21,11.52,0,0
10:42:29,44.76,86.14,86.42,44.66,0,0,31,51.9,19,50.3,0,27,0,22,8.4,6.6,3,21,0,22,-40,5,0,2207.1,21,11.48,0,0
10:42:30,44.76,86.14,86.42,44.66,0,0,31,51.9,19,50.3,0,27,0,22,8.4,6.6,3,21,0,22,-40,5,0,2207.1,21,11.48,0,0
10:42:31,44.79,86.17,86.51,44.68,0,0,31,52,19,50.4,0,27,0,22,8.4,6.6,3,21,0,22,-40,5,0,2207.1,21,11.52,0,0
10:42:32,44.79,86.17,86.51,44.68,0,0,31,52,19,50.4,0,27,0,22,8.4,6.6,3,21,0,22,-40,5,0,2207.1,21,11.52,0,0
10:42:33,44.74,86.07,86.5,44.61,0,0,31,51.9,19,50.4,0,27,0,21,8.4,6.5,3,21,0,22,-40,5,0,2207.1,21,11.47,0,0
10:42:34,44.74,86.07,86.5,44.61,0,0,31,51.9,19,50.4,0,27,0,21,8.4,6.5,3,21,0,22,-40,5,0,2207.1,21,11.47,0,0
10:42:35,44.69,86.07,86.36,44.58,0,0,31,51.9,19,50.3,0,27,0,21,8.4,6.5,3,21,0,22,-40,5,0,2207.1,21,11.45,0,0
10:42:36,44.69,86.07,86.36,44.58,0,0,31,51.9,19,50.3,0,27,0,21,8.4,6.5,3,21,0,22,-40,5,0,2207.1,21,11.45,0,0
10:42:37,44.76,86.15,86.44,44.53,0,0,31,51.9,19,50.3,0,27,0,22,8.4,6.5,3,21,0,22,-40,5,0,2207.1,21,11.47,0,0
10:42:38,44.76,86.15,86.44,44.53,0,0,31,51.9,19,50.3,0,27,0,22,8.4,6.5,3,21,0,22,-40,5,0,2207.1,21,11.47,0,0
10:42:39,44.76,86.15,86.44,44.53,0,0,31,51.9,19,50.3,0,27,0,22,8.4,6.5,3,21,0,22,-40,5,0,2207.1,21,11.47,0,0
10:42:40,44.76,86.15,86.44,44.53,0,0,31,51.9,19,50.3,0,27,0,22,8.4,6.5,3,21,0,22,-40,5,0,2207.1,21,11.47,0,0
10:42:41,44.76,86.15,86.44,44.53,0,0,31,51.9,19,50.3,0,27,0,22,8.4,6.5,3,21,0,22,-40,5,0,2207.1,21,11.47,0,0
10:42:42,44.79,86.1,86.53,44.66,0,0,31,51.9,19,50.4,0,27,0,22,8.4,6.6,3,21,0,22,-40,5,0,2207.1,21,11.52,0,0
10:42:43,44.79,86.1,86.53,44.66,0,0,31,51.9,19,50.4,0,27,0,22,8.4,6.6,3,21,0,22,-40,5,0,2207.1,21,11.52,0,0
10:42:44,44.79,86.1,86.53,44.66,0,0,31,51.9,19,50.4,0,27,0,22,8.4,6.6,3,21,0,22,-40,5,0,2207.1,21,11.52,0,0
10:42:45,44.73,86.08,86.4,44.58,0,0,31,51.9,19,50.3,0,27,0,22,8.4,6.5,3,21,0,22,-40,5,0,2207.1,21,11.45,0,0
10:42:46,44.73,86.08,86.4,44.58,0,0,31,51.9,19,50.3,0,27,0,22,8.4,6.5,3,21,0,22,-40,5,0,2207.1,21,11.45,0,0
10:42:47,44.73,86.08,86.4,44.58,0,0,31,51.9,19,50.3,0,27,0,22,8.4,6.5,3,21,0,22,-40,5,0,2207.1,21,11.45,0,0
10:42:48,44.81,86.11,86.46,44.54,0,0,31,52,19,50.4,0,27,0,22,8.4,6.6,3,21,0,22,-40,5,0,2207.1,21,11.51,0,0
10:42:49,44.81,86.11,86.46,44.54,0,0,31,52,19,50.4,0,27,0,22,8.4,6.6,3,21,0,22,-40,5,0,2207.1,21,11.51,0,0
10:42:50,44.81,86.11,86.46,44.54,0,0,31,52,19,50.4,0,27,0,22,8.4,6.6,3,21,0,22,-40,5,0,2207.1,21,11.51,0,0
10:42:51,44.71,86.01,86.38,44.49,0,0,31,51.9,19,50.3,0,27,0,22,8.4,6.5,3,21,0,22,-40,5,0,2207.1,21,11.45,0,0
10:42:52,44.71,86.01,86.38,44.49,0,0,31,51.9,19,50.3,0,27,0,22,8.4,6.5,3,21,0,22,-40,5,0,2207.1,21,11.45,0,0
10:42:53,44.71,86.01,86.38,44.49,0,0,31,51.9,19,50.3,0,27,0,22,8.4,6.5,3,21,0,22,-40,5,0,2207.1,21,11.45,0,0
10:42:54,44.71,86.16,86.46,44.69,0,0,31,52,19,50.3,0,27,0,22,8.4,6.6,3,21,0,22,-40,5,0,2207.1,21,11.5,0,0
10:42:55,44.71,86.16,86.46,44.69,0,0,31,52,19,50.3,0,27,0,22,8.4,6.6,3,21,0,22,-40,5,0,2207.1,21,11.5,0,0
10:42:56,44.7,85.99,86.38,44.53,0,0,31,51.9,19,50.3,0,27,0,22,8.4,6.5,3,21,0,22,-40,5,0,2207.1,21,11.46,0,0
10:42:57,44.7,85.99,86.38,44.53,0,0,31,51.9,19,50.3,0,27,0,22,8.4,6.5,3,21,0,22,-40,5,0,2207.1,21,11.46,0,0
10:42:58,44.7,85.99,86.38,44.53,0,0,31,51.9,19,50.3,0,27,0,22,8.4,6.5,3,21,0,22,-40,5,0,2207.1,21,11.46,0,0
10:42:59,44.72,86.09,86.44,44.66,0,0,31,51.9,19,50.4,0,27,0,22,8.4,6.6,3,21,0,22,-40,5,0,2207.1,21,11.47,0,0
10:43:00,44.72,86.09,86.44,44.66,0,0,31,51.9,19,50.4,0,27,0,22,8.4,6.6,3,21,0,22,-40,5,0,2207.1,21,11.47,0,0
10:43:01,44.72,86.09,86.44,44.66,0,0,31,51.9,19,50.4,0,27,0,22,8.4,6.6,3,21,0,22,-40,5,0,2207.1,21,11.47,0,0
10:43:02,44.78,86.12,86.49,44.63,0,0,31,52,19,50.3,0,27,0,21,8.4,6.6,3,21,0,22,-40,5,0,2207.1,21,11.52,0,0
10:43:03,44.78,86.12,86.49,44.63,0,0,31,52,19,50.3,0,27,0,21,8.4,6.6,3,21,0,22,-40,5,0,2207.1,21,11.52,0,0
10:43:04,44.78,86.12,86.49,44.63,0,0,31,52,19,50.3,0,27,0,21,8.4,6.6,3,21,0,22,-40,5,0,2207.1,21,11.52,0,0
10:43:05,44.71,86.06,86.43,44.58,0,0,31,51.9,19,50.3,0,27,0,21,8.4,6.5,3,21,0,22,-40,5,0,2207.1,21,11.47,0,0
10:43:06,44.71,86.06,86.43,44.58,0,0,31,51.9,19,50.3,0,27,0,21,8.4,6.5,3,21,0,22,-40,5,0,2207.1,21,11.47,0,0
10:43:07,44.71,86.06,86.43,44.58,0,0,31,51.9,19,50.3,0,27,0,21,8.4,6.5,3,21,0,22,-40,5,0,2207.1,21,11.47,0,0
10:43:08,44.82,86.18,86.44,44.67,0,0,31,51.9,19,50.4,0,27,0,22,8.4,6.6,3,21,0,22,-40,5,0,2207.1,21,11.52,0,0
10:43:09,44.82,86.18,86.44,44.67,0,0,31,51.9,19,50.4,0,27,0,22,8.4,6.6,3,21,0,22,-40,5,0,2207.1,21,11.52,0,0
10:43:10,44.72,86.05,86.44,44.61,0,0,31,51.9,19,50.4,0,27,0,21,8.4,6.6,3,21,0,22,-40,5,0,2207.1,21,11.48,0,0
10:43:11,44.72,86.05,86.44,44.61,0,0,31,51.9,19,50.4,0,27,0,21,8.4,6.6,3,21,0,22,-40,5,0,2207.1,21,11.48,0,0
10:43:12,44.71,86.04,86.41,44.57,0,0,31,51.9,19,50.3,0,27,0,21,8.3,6.5,3,21,0,22,-40,5,0,2207.1,21,11.47,0,0
10:43:13,44.71,86.04,86.41,44.57,0,0,31,51.9,19,50.3,0,27,0,21,8.3,6.5,3,21,0,22,-40,5,0,2207.1,21,11.47,0,0
10:43:14,44.78,86.14,86.47,44.66,0,0,31,51.9,19,50.4,0,27,0,22,8.4,6.6,3,21,0,22,-40,5,0,2207.1,21,11.49,0,0
10:43:15,44.78,86.14,86.47,44.66,0,0,31,51.9,19,50.4,0,27,0,22,8.4,6.6,3,21,0,22,-40,5,0,2207.1,21,11.49,0,0
10:43:16,44.78,86.14,86.47,44.66,0,0,31,51.9,19,50.4,0,27,0,22,8.4,6.6,3,21,0,22,-40,5,0,2207.1,21,11.49,0,0
10:43:17,44.73,86.11,86.38,44.59,0,0,31,51.9,19,50.3,0,27,0,21,8.4,6.5,3,21,0,22,-40,5,0,2207.1,21,11.47,0,0
10:43:18,44.73,86.11,86.38,44.59,0,0,31,51.9,19,50.3,0,27,0,21,8.4,6.5,3,21,0,22,-40,5,0,2207.1,21,11.47,0,0
10:43:19,44.69,86.04,86.37,44.57,0,0,31,51.9,19,50.3,0,26,0,21,8.4,6.5,3,21,0,22,-40,5,0,2207.1,21,11.47,0,0
10:43:20,44.69,86.04,86.37,44.57,0,0,31,51.9,19,50.3,0,26,0,21,8.4,6.5,3,21,0,22,-40,5,0,2207.1,21,11.47,0,0
10:43:21,44.72,86.04,86.38,44.58,0,0,31,52,19,50.4,0,27,0,22,8.4,6.6,3,21,0,22,-40,5,0,2207.1,21,11.48,0,0
10:43:22,44.72,86.04,86.38,44.58,0,0,31,52,19,50.4,0,27,0,22,8.4,6.6,3,21,0,22,-40,5,0,2207.1,21,11.48,0,0
10:43:23,44.76,86.06,86.46,44.64,0,0,31,51.9,19,50.4,0,27,0,21,8.4,6.6,3,21,0,22,-40,5,0,2207.1,21,11.48,0,0
10:43:24,44.76,86.06,86.46,44.64,0,0,31,51.9,19,50.4,0,27,0,21,8.4,6.6,3,21,0,22,-40,5,0,2207.1,21,11.48,0,0
10:43:25,44.76,85.99,86.42,44.5,0,0,31,51.8,19,50.3,0,27,0,22,8.4,6.5,3,21,0,22,-39,5,0,2207.1,21,11.45,0,0
10:43:26,44.76,85.99,86.42,44.5,0,0,31,51.8,19,50.3,0,27,0,22,8.4,6.5,3,21,0,22,-39,5,0,2207.1,21,11.45,0,0
10:43:27,44.76,85.99,86.42,44.5,0,0,31,51.8,19,50.3,0,27,0,22,8.4,6.5,3,21,0,22,-39,5,0,2207.1,21,11.45,0,0
10:43:28,44.76,86.06,86.41,44.6,0,0,31,51.9,19,50.3,0,27,0,22,8.4,6.6,3,21,0,22,-39,5,0,2207.1,21,11.48,0,0
10:43:29,44.76,86.06,86.41,44.6,0,0,31,51.9,19,50.3,0,27,0,22,8.4,6.6,3,21,0,22,-39,5,0,2207.1,21,11.48,0,0
10:43:30,44.76,86.06,86.41,44.6,0,0,31,51.9,19,50.3,0,27,0,22,8.4,6.6,3,21,0,22,-39,5,0,2207.1,21,11.48,0,0
10:43:31,44.72,86.09,86.42,44.66,0,0,31,51.9,19,50.4,0,26,0,21,8.4,6.6,3,21,0,22,-39,5,0,2207.1,21,11.49,0,0
10:43:32,44.72,86.09,86.42,44.66,0,0,31,51.9,19,50.4,0,26,0,21,8.4,6.6,3,21,0,22,-39,5,0,2207.1,21,11.49,0,0
10:43:33,44.72,86.09,86.42,44.66,0,0,31,51.9,19,50.4,0,26,0,21,8.4,6.6,3,21,0,22,-39,5,0,2207.1,21,11.49,0,0
10:43:34,44.78,86.14,86.48,44.63,0,0,31,51.9,19,50.3,0,27,0,22,8.4,6.6,3,21,0,22,-39,5,0,2207.1,21,11.51,0,0
10:43:35,44.78,86.14,86.48,44.63,0,0,31,51.9,19,50.3,0,27,0,22,8.4,6.6,3,21,0,22,-39,5,0,2207.1,21,11.51,0,0
10:43:36,44.78,86.14,86.48,44.63,0,0,31,51.9,19,50.3,0,27,0,22,8.4,6.6,3,21,0,22,-39,5,0,2207.1,21,11.51,0,0
10:43:37,44.71,86.05,86.42,44.54,0,0,31,51.9,19,50.3,0,27,0,21,8.4,6.5,3,21,0,22,-39,5,0,2207.1,21,11.46,0,0
10:43:38,44.71,86.05,86.42,44.54,0,0,31,51.9,19,50.3,0,27,0,21,8.4,6.5,3,21,0,22,-39,5,0,2207.1,21,11.46,0,0
10:43:39,44.71,86.05,86.42,44.54,0,0,31,51.9,19,50.3,0,27,0,21,8.4,6.5,3,21,0,22,-39,5,0,2207.1,21,11.46,0,0
10:43:40,44.78,86.15,86.51,44.66,0,0,31,51.9,19,50.4,0,27,0,21,8.4,6.6,3,21,0,22,-39,5,0,2207.1,21,11.49,0,0
10:43:41,44.78,86.15,86.51,44.66,0,0,31,51.9,19,50.4,0,27,0,21,8.4,6.6,3,21,0,22,-39,5,0,2207.1,21,11.49,0,0
10:43:42,44.7,86.07,86.37,44.61,0,0,31,52,19,50.4,0,27,0,21,8.4,6.6,3,21,0,22,-39,5,0,2207.1,21,11.47,0,0
10:43:43,44.7,86.07,86.37,44.61,0,0,31,52,19,50.4,0,27,0,21,8.4,6.6,3,21,0,22,-39,5,0,2207.1,21,11.47,0,0
10:43:44,44.69,86,86.36,44.56,0,0,31,51.9,19,50.4,0,27,0,22,8.4,6.6,3,21,0,22,-39,5,0,2207.1,21,11.47,0,0
10:43:45,44.69,86,86.36,44.56,0,0,31,51.9,19,50.4,0,27,0,22,8.4,6.6,3,21,0,22,-39,5,0,2207.1,21,11.47,0,0
10:43:46,44.73,86.04,86.44,44.59,0,0,31,51.9,19,50.4,0,27,0,22,8.4,6.6,3,21,0,22,-39,5,0,2207.1,21,11.48,0,0
10:43:47,44.73,86.04,86.44,44.59,0,0,31,51.9,19,50.4,0,27,0,22,8.4,6.6,3,21,0,22,-39,5,0,2207.1,21,11.48,0,0
10:43:48,44.73,86.04,86.44,44.59,0,0,31,51.9,19,50.4,0,27,0,22,8.4,6.6,3,21,0,22,-39,5,0,2207.1,21,11.48,0,0
10:43:49,44.73,86.07,86.46,44.59,0,0,31,51.8,19,50.3,0,27,0,21,8.4,6.6,3,21,0,22,-39,5,0,2207.1,21,11.48,0,0
10:43:50,44.73,86.07,86.46,44.59,0,0,31,51.8,19,50.3,0,27,0,21,8.4,6.6,3,21,0,22,-39,5,0,2207.1,21,11.48,0,0
10:43:51,44.78,86.13,86.49,44.58,0,0,31,51.9,19,50.3,0,27,0,22,8.4,6.6,3,21,0,22,-39,5,0,2207.1,21,11.47,0,0
10:43:52,44.78,86.13,86.49,44.58,0,0,31,51.9,19,50.3,0,27,0,22,8.4,6.6,3,21,0,22,-39,5,0,2207.1,21,11.47,0,0
10:43:53,44.78,86.13,86.49,44.58,0,0,31,51.9,19,50.3,0,27,0,22,8.4,6.6,3,21,0,22,-39,5,0,2207.1,21,11.47,0,0
10:43:54,44.77,86.13,86.42,44.59,0,0,31,51.9,19,50.4,0,26,0,21,8.4,6.6,3,21,0,22,-39,5,0,2207.1,21,11.49,0,0
10:43:55,44.77,86.13,86.42,44.59,0,0,31,51.9,19,50.4,0,26,0,21,8.4,6.6,3,21,0,22,-39,5,0,2207.1,21,11.49,0,0
10:43:56,44.69,86.04,86.47,44.54,0,0,31,51.9,19,50.4,0,27,0,22,8.4,6.6,3,21,0,22,-39,5,0,2207.1,21,11.47,0,0
10:43:57,44.69,86.04,86.47,44.54,0,0,31,51.9,19,50.4,0,27,0,22,8.4,6.6,3,21,0,22,-39,5,0,2207.1,21,11.47,0,0
10:43:58,44.83,86.18,86.47,44.71,0,0,31,51.9,19,50.3,0,27,0,22,8.4,6.6,3,21,0,22,-39,5,0,2207.1,21,11.5,0,0
10:43:59,44.83,86.18,86.47,44.71,0,0,31,51.9,19,50.3,0,27,0,22,8.4,6.6,3,21,0,22,-39,5,0,2207.1,21,11.5,0,0
10:44:00,44.78,86.12,86.47,44.67,0,0,31,51.9,19,50.3,0,27,0,22,8.4,6.6,3,21,0,22,-39,5,0,2207.1,21,11.5,0,0
10:44:01,44.78,86.12,86.47,44.67,0,0,31,51.9,19,50.3,0,27,0,22,8.4,6.6,3,21,0,22,-39,5,0,2207.1,21,11.5,0,0
10:44:02,44.71,86.05,86.39,44.66,0,0,31,51.9,19,50.4,0,27,0,22,8.4,6.6,3,21,0,22,-39,5,0,2207.1,21.1,11.5,0,0
10:44:03,44.71,86.05,86.39,44.66,0,0,31,51.9,19,50.4,0,27,0,22,8.4,6.6,3,21,0,22,-39,5,0,2207.1,21.1,11.5,0,0
10:44:04,44.69,86.01,86.38,44.53,0,0,31,51.9,19,50.4,0,26,0,22,8.4,6.6,3,21,0,22,-39,5,0,2207.1,21,11.48,0,0
10:44:05,44.69,86.01,86.38,44.53,0,0,31,51.9,19,50.4,0,26,0,22,8.4,6.6,3,21,0,22,-39,5,0,2207.1,21,11.48,0,0
10:44:06,44.66,86.04,86.36,44.54,0,0,31,51.8,19,50.3,0,26,0,22,8.3,6.5,3,21,0,22,-39,5,0,2207.1,21,11.45,0,0
10:44:07,44.66,86.04,86.36,44.54,0,0,31,51.8,19,50.3,0,26,0,22,8.3,6.5,3,21,0,22,-39,5,0,2207.1,21,11.45,0,0
10:44:08,44.67,86.04,86.36,44.53,0,0,31,51.9,19,50.3,0,26,0,22,8.4,6.6,3,21,0,22,-39,5,0,2207.1,21,11.45,0,0
10:44:09,44.67,86.04,86.36,44.53,0,0,31,51.9,19,50.3,0,26,0,22,8.4,6.6,3,21,0,22,-39,5,0,2207.1,21,11.45,0,0
10:44:10,44.67,86.04,86.36,44.53,0,0,31,51.9,19,50.3,0,26,0,22,8.4,6.6,3,21,0,22,-39,5,0,2207.1,21,11.45,0,0
10:44:11,44.67,86.04,86.36,44.53,0,0,31,51.9,19,50.3,0,26,0,22,8.4,6.6,3,21,0,22,-39,5,0,2207.1,21,11.45,0,0
10:44:12,44.78,86.16,86.49,44.69,0,0,31,51.8,19,50.3,0,27,0,22,8.4,6.6,3,21,0,22,-39,5,0,2207.1,21.1,11.45,0,0
10:44:13,44.78,86.16,86.49,44.69,0,0,31,51.8,19,50.3,0,27,0,22,8.4,6.6,3,21,0,22,-39,5,0,2207.1,21.1,11.45,0,0
10:44:14,44.78,86.16,86.49,44.69,0,0,31,51.8,19,50.3,0,27,0,22,8.4,6.6,3,21,0,22,-39,5,0,2207.1,21.1,11.45,0,0
10:44:15,44.76,86.14,86.47,44.67,0,0,31,51.8,19,50.4,0,27,0,22,8.4,6.6,3,21,0,22,-39,5,0,2207.1,21,11.45,0,0
10:44:16,44.76,86.14,86.47,44.67,0,0,31,51.8,19,50.4,0,27,0,22,8.4,6.6,3,21,0,22,-39,5,0,2207.1,21,11.45,0,0
10:44:17,44.72,86.01,86.42,44.58,0,0,31,51.8,19,50.4,0,26,0,21,8.4,6.6,3,21,0,22,-39,5,0,2207.1,21,11.46,0,0
10:44:18,44.72,86.01,86.42,44.58,0,0,31,51.8,19,50.4,0,26,0,21,8.4,6.6,3,21,0,22,-39,5,0,2207.1,21,11.46,0,0
10:44:19,44.72,86.01,86.42,44.58,0,0,31,51.8,19,50.4,0,26,0,21,8.4,6.6,3,21,0,22,-39,5,0,2207.1,21,11.46,0,0
10:44:20,44.81,86.15,86.53,44.67,0,0,31,51.9,19,50.4,0,27,0,22,8.4,6.6,3,21,0,22,-39,5,0,2207.1,21,11.52,0,0
10:44:21,44.81,86.15,86.53,44.67,0,0,31,51.9,19,50.4,0,27,0,22,8.4,6.6,3,21,0,22,-39,5,0,2207.1,21,11.52,0,0
10:44:22,44.81,86.15,86.53,44.67,0,0,31,51.9,19,50.4,0,27,0,22,8.4,6.6,3,21,0,22,-39,5,0,2207.1,21,11.52,0,0
10:44:23,44.79,86.21,86.52,44.67,0,0,31,51.9,19,50.4,0,27,0,22,8.4,6.6,3,21,0,22,-39,5,0,2207.1,21.1,11.49,0,0
10:44:24,44.79,86.21,86.52,44.67,0,0,31,51.9,19,50.4,0,27,0,22,8.4,6.6,3,21,0,22,-39,5,0,2207.1,21.1,11.49,0,0
10:44:25,44.74,86.16,86.45,44.69,0,0,31,51.8,19,50.4,0,26,0,22,8.4,6.6,3,21,0,22,-39,5,0,2207.1,21.1,11.51,0,0
10:44:26,44.75,86.1,86.53,44.66,0,0,31,52.1,19,50.4,0,28,0,22,8.4,6.6,3,21,0,22,-37,5,0,2207.1,21,11.51,0,0
10:44:27,44.75,86.1,86.53,44.66,0,0,31,52.1,19,50.4,0,28,0,22,8.4,6.6,3,21,0,22,-37,5,0,2207.1,21,11.51,0,0
10:44:28,44.69,86.06,86.4,44.59,0,0,31,52.1,19,50.3,0,27,0,21,8.4,6.6,3,21,0,22,-37,5,0,2207.1,21,11.47,0,0
10:44:29,44.69,86.06,86.4,44.59,0,0,31,52.1,19,50.3,0,27,0,21,8.4,6.6,3,21,0,22,-37,5,0,2207.1,21,11.47,0,0
10:44:30,44.69,86.06,86.4,44.59,0,0,31,52.1,19,50.3,0,27,0,21,8.4,6.6,3,21,0,22,-38,5,0,2207.1,21,11.47,0,0
10:44:31,44.76,86.1,86.49,44.65,0,0,31,52.1,19,50.3,0,28,0,22,8.4,6.6,3,21,0,22,-38,5,0,2207.1,21,11.52,0,0
10:44:32,44.76,86.1,86.49,44.65,0,0,31,52.1,19,50.3,0,28,0,22,8.4,6.6,3,21,0,22,-38,5,0,2207.1,21,11.52,0,0
10:44:33,44.71,86.08,86.42,44.56,0,0,31,52,19,50.3,0,27,0,21,8.3,6.5,3,21,0,22,-38,5,0,2207.1,21,11.47,0,0
10:44:34,44.71,86.08,86.42,44.56,0,0,31,52,19,50.3,0,27,0,21,8.3,6.5,3,21,0,22,-38,5,0,2207.1,21,11.47,0,0
10:44:35,44.71,86.08,86.42,44.56,0,0,31,52,19,50.3,0,27,0,21,8.3,6.5,3,21,0,22,-38,5,0,2207.1,21,11.47,0,0
10:44:36,44.67,86.05,86.4,44.55,0,0,31,52,19,50.3,0,27,0,21,8.3,6.5,3,21,0,22,-38,5,0,2207.1,21,11.47,0,0
10:44:37,44.67,86.05,86.4,44.55,0,0,31,52,19,50.3,0,27,0,21,8.3,6.5,3,21,0,22,-38,5,0,2207.1,21,11.47,0,0
10:44:38,44.83,86.14,86.53,44.66,0,0,31,52.1,19,50.4,0,28,0,22,8.4,6.6,3,21,0,22,-38,5,0,2207.1,21,11.52,0,0
10:44:39,44.83,86.14,86.53,44.66,0,0,31,52.1,19,50.4,0,28,0,22,8.4,6.6,3,21,0,22,-38,5,0,2207.1,21,11.52,0,0
10:44:40,44.76,86.06,86.5,44.59,0,0,31,52,19,50.4,0,27,0,21,8.4,6.6,3,21,0,22,-38,5,0,2207.1,21,11.49,0,0
10:44:41,44.76,86.06,86.5,44.59,0,0,31,52,19,50.4,0,27,0,21,8.4,6.6,3,21,0,22,-38,5,0,2207.1,21,11.49,0,0
10:44:42,44.76,86.06,86.5,44.59,0,0,31,52,19,50.4,0,27,0,21,8.4,6.6,3,21,0,22,-38,5,0,2207.1,21,11.49,0,0
10:44:43,44.78,86.1,86.48,44.6,0,0,31,52,19,50.3,0,27,0,21,8.4,6.6,3,21,0,22,-38,5,0,2207.1,21,11.49,0,0
10:44:44,44.78,86.1,86.48,44.6,0,0,31,52,19,50.3,0,27,0,21,8.4,6.6,3,21,0,22,-38,5,0,2207.1,21,11.49,0,0
10:44:45,44.76,86.11,86.51,44.62,0,0,31,52.1,19,50.4,0,27,0,21,8.4,6.6,3,21,0,22,-38,5,0,2207.1,21,11.47,0,0
10:44:46,44.76,86.11,86.51,44.62,0,0,31,52.1,19,50.4,0,27,0,21,8.4,6.6,3,21,0,22,-38,5,0,2207.1,21,11.47,0,0
10:44:47,44.72,86.01,86.39,44.54,0,0,31,52,19,50.3,0,27,0,22,8.3,6.6,3,21,0,22,-38,5,0,2207.1,21,11.44,0,0
10:44:48,44.72,86.01,86.39,44.54,0,0,31,52,19,50.3,0,27,0,22,8.3,6.6,3,21,0,22,-38,5,0,2207.1,21,11.44,0,0
10:44:49,44.72,86.01,86.39,44.54,0,0,31,52,19,50.3,0,27,0,22,8.3,6.6,3,21,0,22,-38,5,0,2207.1,21,11.45,0,0
10:44:50,44.71,86.08,86.38,44.59,0,0,31,52.1,19,50.4,0,27,0,22,8.4,6.6,3,21,0,22,-38,5,0,2207.1,21,11.45,0,0
10:44:51,44.71,86.08,86.38,44.59,0,0,31,52.1,19,50.4,0,27,0,22,8.4,6.6,3,21,0,22,-38,5,0,2207.1,21,11.45,0,0
10:44:52,44.7,86.08,86.5,44.55,0,0,31,52,19,50.3,0,28,0,22,8.4,6.6,3,21,0,22,-38,5,0,2207.1,21,11.46,0,0
10:44:53,44.7,86.08,86.5,44.55,0,0,31,52,19,50.3,0,28,0,22,8.4,6.6,3,21,0,22,-38,5,0,2207.1,21,11.46,0,0
10:44:54,44.81,86.19,86.53,44.7,0,0,31,52.1,19,50.3,0,28,0,22,8.4,6.6,3,21,0,22,-38,5,0,2207.1,21,11.51,0,0
10:44:55,44.81,86.19,86.53,44.7,0,0,31,52.1,19,50.3,0,28,0,22,8.4,6.6,3,21,0,22,-38,5,0,2207.1,21,11.51,0,0
10:44:56,44.7,86.03,86.43,44.56,0,0,31,52.1,19,50.4,0,27,0,22,8.4,6.6,3,21,0,22,-38,5,0,2207.1,21,11.47,0,0
10:44:57,44.7,86.03,86.43,44.56,0,0,31,52.1,19,50.4,0,27,0,22,8.4,6.6,3,21,0,22,-38,5,0,2207.1,21,11.47,0,0
10:44:58,44.77,86.12,86.49,44.67,0,0,31,52.1,19,50.4,0,28,0,22,8.4,6.6,3,21,0,22,-38,5,0,2207.1,21,11.51,0,0
10:44:59,44.77,86.12,86.49,44.67,0,0,31,52.1,19,50.4,0,28,0,22,8.4,6.6,3,21,0,22,-38,5,0,2207.1,21,11.51,0,0
10:45:00,44.79,86.03,86.47,44.57,0,0,31,52.1,19,50.4,0,28,0,22,8.4,6.6,3,21,0,22,-38,5,0,2207.1,21,11.49,0,0
10:45:01,44.79,86.03,86.47,44.57,0,0,31,52.1,19,50.4,0,28,0,22,8.4,6.6,3,21,0,22,-38,5,0,2207.1,21,11.49,0,0
10:45:02,44.73,86.08,86.41,44.59,0,0,31,52,19,50.4,0,27,0,21,8.4,6.6,3,21,0,22,-38,5,0,2207.1,21,11.48,0,0
10:45:03,44.73,86.08,86.41,44.59,0,0,31,52,19,50.4,0,27,0,21,8.4,6.6,3,21,0,22,-38,5,0,2207.1,21,11.48,0,0
10:45:04,44.67,86.04,86.38,44.61,0,0,31,52.1,19,50.4,0,28,0,22,8.4,6.6,3,21,0,22,-38,5,0,2207.1,21,11.46,0,0
10:45:05,44.67,86.04,86.38,44.61,0,0,31,52.1,19,50.4,0,28,0,22,8.4,6.6,3,21,0,22,-38,5,0,2207.1,21,11.46,0,0
10:45:06,44.82,86.14,86.5,44.67,0,0,31,52,19,50.3,0,27,0,22,8.4,6.6,3,21,0,22,-38,5,0,2207.1,21,11.51,0,0
10:45:07,44.82,86.14,86.5,44.67,0,0,31,52,19,50.3,0,27,0,22,8.4,6.6,3,21,0,22,-38,5,0,2207.1,21,11.51,0,0
10:45:08,44.75,86.11,86.41,44.61,0,0,31,52.1,19,50.3,0,27,0,21,8.4,6.6,3,21,0,22,-38,5,0,2207.1,21,11.47,0,0
10:45:09,44.75,86.11,86.41,44.61,0,0,31,52.1,19,50.3,0,27,0,21,8.4,6.6,3,21,0,22,-38,5,0,2207.1,21,11.47,0,0
10:45:10,44.75,86.11,86.41,44.61,0,0,31,52.1,19,50.3,0,27,0,21,8.4,6.6,3,21,0,22,-38,5,0,2207.1,21,11.47,0,0
10:45:11,44.75,86.11,86.41,44.61,0,0,31,52.1,19,50.3,0,27,0,21,8.4,6.6,3,21,0,22,-38,5,0,2207.1,21,11.47,0,0
10:45:12,44.75,86.11,86.41,44.61,0,0,31,52.1,19,50.3,0,27,0,21,8.4,6.6,3,21,0,22,-38,5,0,2207.1,21,11.47,0,0
10:45:13,44.81,86.11,86.48,44.69,0,0,31,52,19,50.3,0,28,0,22,8.4,6.5,3,21,0,22,-39,5,0,2207.1,20.9,11.51,0,0
10:45:14,44.81,86.11,86.48,44.69,0,0,31,52,19,50.3,0,28,0,22,8.4,6.5,3,21,0,22,-39,5,0,2207.1,20.9,11.51,0,0
10:45:15,44.73,86.05,86.4,44.6,0,0,31,52,19,50.4,0,27,0,21,8.4,6.6,3,21,0,22,-39,5,0,2207.1,21,11.48,0,0
10:45:16,44.73,86.05,86.4,44.6,0,0,31,52,19,50.4,0,27,0,21,8.4,6.6,3,21,0,22,-39,5,0,2207.1,21,11.48,0,0
10:45:17,44.73,86.05,86.4,44.6,0,0,31,52,19,50.4,0,27,0,21,8.4,6.6,3,21,0,22,-39,5,0,2207.1,21,11.48,0,0
10:45:18,44.72,86.07,86.42,44.6,0,0,31,52,19,50.4,0,27,0,21,8.4,6.6,3,21,0,22,-39,5,0,2207.1,21,11.48,0,0
10:45:19,44.72,86.07,86.42,44.6,0,0,31,52,19,50.4,0,27,0,21,8.4,6.6,3,21,0,22,-39,5,0,2207.1,21,11.48,0,0
10:45:20,44.72,86.07,86.42,44.6,0,0,31,52,19,50.4,0,27,0,21,8.4,6.6,3,21,0,22,-39,5,0,2207.1,21,11.48,0,0
10:45:21,44.74,86.1,86.47,44.59,0,0,31,52,19,50.3,0,27,0,21,8.3,6.5,3,21,0,22,-39,5,0,2207.1,21,11.49,0,0
10:45:22,44.74,86.1,86.47,44.59,0,0,31,52,19,50.3,0,27,0,21,8.3,6.5,3,21,0,22,-39,5,0,2207.1,21,11.49,0,0
10:45:23,44.74,86.1,86.47,44.59,0,0,31,52,19,50.3,0,27,0,21,8.3,6.5,3,21,0,22,-39,5,0,2207.1,21,11.49,0,0
10:45:24,44.69,85.99,86.43,44.53,0,0,31,52,19,50.3,0,27,0,21,8.4,6.6,3,21,0,22,-39,5,0,2207.1,21,11.45,0,0
10:45:25,44.69,85.99,86.43,44.53,0,0,31,52,19,50.3,0,27,0,21,8.4,6.6,3,21,0,22,-39,5,0,2207.1,21,11.45,0,0
10:45:26,44.69,85.99,86.43,44.53,0,0,31,52,19,50.3,0,27,0,21,8.4,6.6,3,21,0,22,-39,5,0,2207.1,21,11.45,0,0
10:45:27,44.82,86.14,86.51,44.65,0,0,31,52,19,50.4,0,27,0,22,8.4,6.6,3,21,0,22,-39,5,0,2207.1,21,11.49,0,0
10:45:28,44.82,86.14,86.51,44.65,0,0,31,52,19,50.4,0,27,0,22,8.4,6.6,3,21,0,22,-39,5,0,2207.1,21,11.49,0,0
10:45:29,44.77,86.11,86.51,44.67,0,0,31,52,19,50.4,0,28,0,22,8.4,6.6,3,21,0,22,-39,5,0,2207.1,21,11.51,0,0
10:45:30,44.77,86.11,86.51,44.67,0,0,31,52,19,50.4,0,28,0,22,8.4,6.6,3,21,0,22,-39,5,0,2207.1,21,11.51,0,0
10:45:31,44.77,86.11,86.51,44.67,0,0,31,52,19,50.4,0,28,0,22,8.4,6.6,3,21,0,22,-39,5,0,2207.1,21,11.51,0,0
10:45:32,44.72,86.1,86.43,44.59,0,0,31,52,19,50.3,0,27,0,21,8.4,6.5,3,21,0,22,-39,5,0,2207.1,21,11.48,0,0
10:45:33,44.72,86.1,86.43,44.59,0,0,31,52,19,50.3,0,27,0,21,8.4,6.5,3,21,0,22,-39,5,0,2207.1,21,11.48,0,0
10:45:34,44.83,86.15,86.47,44.69,0,0,31,52,19,50.4,0,27,0,22,8.4,6.6,3,21,0,22,-39,5,0,2207.1,21,11.5,0,0
10:45:35,44.83,86.15,86.47,44.69,0,0,31,52,19,50.4,0,27,0,22,8.4,6.6,3,21,0,22,-39,5,0,2207.1,21,11.5,0,0
10:45:36,44.83,86.15,86.47,44.69,0,0,31,52,19,50.4,0,27,0,22,8.4,6.6,3,21,0,22,-39,5,0,2207.1,21,11.5,0,0
10:45:37,44.79,86.13,86.42,44.65,0,0,31,52,19,50.4,0,27,0,21,8.4,6.6,3,21,0,22,-39,5,0,2207.1,21,11.5,0,0
10:45:38,44.79,86.13,86.42,44.65,0,0,31,52,19,50.4,0,27,0,21,8.4,6.6,3,21,0,22,-39,5,0,2207.1,21,11.5,0,0
10:45:39,44.79,86.06,86.54,44.64,0,0,31,52,19,50.3,0,28,0,22,8.4,6.5,3,21,0,22,-39,5,0,2207.1,21,11.48,0,0
10:45:40,44.79,86.06,86.54,44.64,0,0,31,52,19,50.3,0,28,0,22,8.4,6.5,3,21,0,22,-39,5,0,2207.1,21,11.48,0,0
10:45:41,44.82,86.15,86.52,44.66,0,0,31,52,19,50.4,0,28,0,22,8.4,6.6,3,21,0,22,-39,5,0,2207.1,21,11.51,0,0
10:45:42,44.82,86.15,86.52,44.66,0,0,31,52,19,50.4,0,28,0,22,8.4,6.6,3,21,0,22,-39,5,0,2207.1,21,11.51,0,0
10:45:43,44.64,86.06,86.38,44.6,0,0,31,52,19,50.4,0,27,0,21,8.4,6.6,3,21,0,22,-39,5,0,2207.1,21,11.48,0,0
10:45:44,44.64,86.06,86.38,44.6,0,0,31,52,19,50.4,0,27,0,21,8.4,6.6,3,21,0,22,-39,5,0,2207.1,21,11.48,0,0
10:45:45,44.64,86.06,86.38,44.6,0,0,31,52,19,50.4,0,27,0,21,8.4,6.6,3,21,0,22,-39,5,0,2207.1,21,11.48,0,0
10:45:46,44.74,86.05,86.47,44.61,0,0,31,52,19,50.3,0,27,0,21,8.4,6.5,3,21,0,22,-39,5,0,2207.1,21,11.47,0,0
10:45:47,44.73,86.07,86.4,44.61,0,0,31,52,19,50.3,0,27,0,22,8.4,6.6,3,21,0,22,-39,5,0,2207.1,21,11.47,0,0
10:45:48,44.73,86.07,86.4,44.61,0,0,31,52,19,50.3,0,27,0,22,8.4,6.6,3,21,0,22,-39,5,0,2207.1,21,11.47,0,0
10:45:49,44.81,86.15,86.43,44.66,0,0,31,52,19,50.4,0,27,0,22,8.4,6.6,3,21,0,22,-40,5,0,2207.1,21,11.51,0,0
10:45:50,44.81,86.15,86.43,44.66,0,0,31,52,19,50.4,0,27,0,22,8.4,6.6,3,21,0,22,-40,5,0,2207.1,21,11.51,0,0
10:45:51,44.74,86.08,86.43,44.57,0,0,31,52,19,50.3,0,27,0,21,8.3,6.6,3,21,0,22,-40,5,0,2207.1,21,11.47,0,0
10:45:52,44.74,86.08,86.43,44.57,0,0,31,52,19,50.3,0,27,0,21,8.3,6.6,3,21,0,22,-40,5,0,2207.1,21,11.47,0,0
10:45:53,44.72,86.04,86.42,44.54,0,0,31,52,19,50.4,0,27,0,21,8.4,6.6,3,21,0,22,-40,5,0,2207.1,21,11.49,0,0
10:45:54,44.72,86.04,86.42,44.54,0,0,31,52,19,50.4,0,27,0,21,8.4,6.6,3,21,0,22,-40,5,0,2207.1,21,11.49,0,0
10:45:55,44.69,86.03,86.43,44.58,0,0,31,52,19,50.3,0,27,0,21,8.4,6.5,3,21,0,22,-40,5,0,2207.1,21,11.45,0,0
10:45:56,44.69,86.03,86.43,44.58,0,0,31,52,19,50.3,0,27,0,21,8.4,6.5,3,21,0,22,-40,5,0,2207.1,21,11.45,0,0
10:45:57,44.66,86.02,86.44,44.54,0,0,31,51.9,19,50.4,0,27,0,22,8.3,6.5,3,21,0,22,-40,5,0,2207.1,21,11.44,0,0
10:45:58,44.66,86.02,86.44,44.54,0,0,31,51.9,19,50.4,0,27,0,22,8.3,6.5,3,21,0,22,-40,5,0,2207.1,21,11.44,0,0
10:45:59,44.66,86.02,86.44,44.54,0,0,31,51.9,19,50.4,0,27,0,22,8.3,6.5,3,21,0,22,-40,5,0,2207.1,21,11.44,0,0
10:46:00,44.75,86.12,86.42,44.69,0,0,31,52,19,50.4,0,27,0,22,8.4,6.6,3,21,0,22,-40,5,0,2207.1,21,11.51,0,0
10:46:01,44.75,86.12,86.42,44.69,0,0,31,52,19,50.4,0,27,0,22,8.4,6.6,3,21,0,22,-40,5,0,2207.1,21,11.51,0,0
10:46:02,44.75,86.12,86.42,44.69,0,0,31,52,19,50.4,0,27,0,22,8.4,6.6,3,21,0,22,-40,5,0,2207.1,21,11.51,0,0
10:46:03,44.67,86.02,86.36,44.56,0,0,31,51.9,19,50.3,0,27,0,21,8.3,6.5,3,21,0,22,-40,5,0,2207.1,21,11.45,0,0
10:46:04,44.67,86.02,86.36,44.56,0,0,31,51.9,19,50.3,0,27,0,21,8.3,6.5,3,21,0,22,-40,5,0,2207.1,21,11.45,0,0
10:46:05,44.67,86.02,86.36,44.56,0,0,31,51.9,19,50.3,0,27,0,21,8.3,6.5,3,21,0,22,-40,5,0,2207.1,21,11.45,0,0
10:46:06,44.81,86.16,86.5,44.66,0,0,31,52,19,50.3,0,27,0,22,8.4,6.5,3,21,0,22,-40,5,0,2207.1,21,11.51,0,0
10:46:07,44.81,86.16,86.5,44.66,0,0,31,52,19,50.3,0,27,0,22,8.4,6.5,3,21,0,22,-40,5,0,2207.1,21,11.51,0,0
10:46:08,44.69,86.01,86.37,44.55,0,0,31,51.9,19,50.3,0,27,0,21,8.3,6.5,3,21,0,22,-40,5,0,2207.1,21,11.47,0,0
10:46:09,44.69,86.01,86.37,44.55,0,0,31,51.9,19,50.3,0,27,0,21,8.3,6.5,3,21,0,22,-40,5,0,2207.1,21,11.47,0,0
10:46:10,44.69,86.01,86.37,44.55,0,0,31,51.9,19,50.3,0,27,0,21,8.3,6.5,3,21,0,22,-40,5,0,2207.1,21,11.47,0,0
10:46:11,44.81,86.13,86.47,44.62,0,0,31,51.9,19,50.4,0,27,0,22,8.4,6.6,3,21,0,22,-40,5,0,2207.1,21,11.48,0,0
10:46:12,44.81,86.13,86.47,44.62,0,0,31,51.9,19,50.4,0,27,0,22,8.4,6.6,3,21,0,22,-40,5,0,2207.1,21,11.48,0,0
10:46:13,44.7,86.04,86.39,44.56,0,0,31,51.9,19,50.3,0,27,0,21,8.3,6.5,3,21,0,22,-40,5,0,2207.1,21,11.46,0,0
10:46:14,44.7,86.04,86.39,44.56,0,0,31,51.9,19,50.3,0,27,0,21,8.3,6.5,3,21,0,22,-40,5,0,2207.1,21,11.46,0,0
10:46:15,44.69,86.03,86.41,44.5,0,0,31,51.9,19,50.3,0,27,0,22,8.4,6.5,3,21,0,22,-40,5,0,2207.1,21,11.45,0,0
10:46:16,44.69,86.03,86.41,44.5,0,0,31,51.9,19,50.3,0,27,0,22,8.4,6.5,3,21,0,22,-40,5,0,2207.1,21,11.45,0,0
10:46:17,44.69,86.03,86.41,44.5,0,0,31,51.9,19,50.3,0,27,0,22,8.4,6.5,3,21,0,22,-40,5,0,2207.1,21,11.45,0,0
10:46:18,44.72,86.11,86.42,44.61,0,0,31,52,19,50.3,0,27,0,22,8.4,6.5,3,21,0,22,-40,5,0,2207.1,21,11.47,0,0
10:46:19,44.72,86.11,86.42,44.61,0,0,31,52,19,50.3,0,27,0,22,8.4,6.5,3,21,0,22,-40,5,0,2207.1,21,11.47,0,0
10:46:20,44.78,86.13,86.48,44.64,0,0,31,52,19,50.3,0,27,0,21,8.4,6.6,3,21,0,22,-40,5,0,2207.1,21,11.5,0,0
10:46:21,44.78,86.13,86.48,44.64,0,0,31,52,19,50.3,0,27,0,21,8.4,6.6,3,21,0,22,-40,5,0,2207.1,21,11.5,0,0
10:46:22,44.71,86.08,86.44,44.59,0,0,31,51.9,19,50.4,0,27,0,21,8.4,6.5,3,21,0,22,-40,5,0,2207.1,21,11.47,0,0
10:46:23,44.71,86.08,86.44,44.59,0,0,31,51.9,19,50.4,0,27,0,21,8.4,6.5,3,21,0,22,-40,5,0,2207.1,21,11.47,0,0
10:46:24,44.71,86.08,86.44,44.59,0,0,31,51.9,19,50.4,0,27,0,21,8.4,6.5,3,21,0,22,-40,5,0,2207.1,21,11.47,0,0
10:46:25,44.79,86.16,86.47,44.73,0,0,31,52,19,50.4,0,27,0,22,8.4,6.6,3,21,0,22,-40,5,0,2207.1,21,11.5,0,0
10:46:26,44.79,86.16,86.47,44.73,0,0,31,52,19,50.4,0,27,0,22,8.4,6.6,3,21,0,22,-40,5,0,2207.1,21,11.5,0,0
10:46:27,44.76,86.14,86.43,44.63,0,0,31,52,19,50.4,0,27,0,22,8.4,6.6,3,21,0,22,-40,5,0,2207.1,21,11.51,0,0
10:46:28,44.76,86.14,86.43,44.63,0,0,31,52,19,50.4,0,27,0,22,8.4,6.6,3,21,0,22,-40,5,0,2207.1,21,11.51,0,0
10:46:29,44.74,86.07,86.42,44.59,0,0,31,52,19,50.4,0,27,0,21,8.4,6.6,3,21,0,22,-40,5,0,2207.1,21,11.48,0,0
10:46:30,44.74,86.07,86.42,44.59,0,0,31,52,19,50.4,0,27,0,21,8.4,6.6,3,21,0,22,-40,5,0,2207.1,21,11.48,0,0
10:46:31,44.81,86.16,86.51,44.66,0,0,31,52,19,50.4,0,27,0,22,8.4,6.6,3,21,0,22,-40,5,0,2207.1,21,11.52,0,0
10:46:32,44.81,86.16,86.51,44.66,0,0,31,52,19,50.4,0,27,0,22,8.4,6.6,3,21,0,22,-40,5,0,2207.1,21,11.52,0,0
10:46:33,44.76,86.14,86.42,44.66,0,0,31,51.9,19,50.3,0,27,0,22,8.4,6.6,3,21,0,22,-40,5,0,2207.1,21,11.48,0,0
10:46:34,44.76,86.14,86.42,44.66,0,0,31,51.9,19,50.3,0,27,0,22,8.4,6.6,3,21,0,22,-40,5,0,2207.1,21,11.48,0,0
10:46:35,44.79,86.17,86.51,44.68,0,0,31,52,19,50.4,0,27,0,22,8.4,6.6,3,21,0,22,-40,5,0,2207.1,21,11.52,0,0
10:46:36,44.79,86.17,86.51,44.68,0,0,31,52,19,50.4,0,27,0,22,8.4,6.6,3,21,0,22,-40,5,0,2207.1,21,11.52,0,0
10:46:37,44.74,86.07,86.5,44.61,0,0,31,51.9,19,50.4,0,27,0,21,8.4,6.5,3,21,0,22,-40,5,0,2207.1,21,11.47,0,0
10:46:38,44.74,86.07,86.5,44.61,0,0,31,51.9,19,50.4,0,27,0,21,8.4,6.5,3,21,0,22,-40,5,0,2207.1,21,11.47,0,0
10:46:39,44.69,86.07,86.36,44.58,0,0,31,51.9,19,50.3,0,27,0,21,8.4,6.5,3,21,0,22,-40,5,0,2207.1,21,11.45,0,0
10:46:40,44.69,86.07,86.36,44.58,0,0,31,51.9,19,50.3,0,27,0,21,8.4,6.5,3,21,0,22,-40,5,0,2207.1,21,11.45,0,0
10:46:41,44.76,86.15,86.44,44.53,0,0,31,51.9,19,50.3,0,27,0,22,8.4,6.5,3,21,0,22,-40,5,0,2207.1,21,11.47,0,0
10:46:42,44.76,86.15,86.44,44.53,0,0,31,51.9,19,50.3,0,27,0,22,8.4,6.5,3,21,0,22,-40,5,0,2207.1,21,11.47,0,0
10:46:43,44.76,86.15,86.44,44.53,0,0,31,51.9,19,50.3,0,27,0,22,8.4,6.5,3,21,0,22,-40,5,0,2207.1,21,11.47,0,0
10:46:44,44.76,86.15,86.44,44.53,0,0,31,51.9,19,50.3,0,27,0,22,8.4,6.5,3,21,0,22,-40,5,0,2207.1,21,11.47,0,0
10:46:45,44.76,86.15,86.44,44.53,0,0,31,51.9,19,50.3,0,27,0,22,8.4,6.5,3,21,0,22,-40,5,0,2207.1,21,11.47,0,0
10:46:46,44.79,86.1,86.53,44.66,0,0,31,51.9,19,50.4,0,27,0,22,8.4,6.6,3,21,0,22,-40,5,0,2207.1,21,11.52,0,0
10:46:47,44.79,86.1,86.53,44.66,0,0,31,51.9,19,50.4,0,27,0,22,8.4,6.6,3,21,0,22,-40,5,0,2207.1,21,11.52,0,0
10:46:48,44.79,86.1,86.53,44.66,0,0,31,51.9,19,50.4,0,27,0,22,8.4,6.6,3,21,0,22,-40,5,0,2207.1,21,11.52,0,0
10:46:49,44.73,86.08,86.4,44.58,0,0,31,51.9,19,50.3,0,27,0,22,8.4,6.5,3,21,0,22,-40,5,0,2207.1,21,11.45,0,0
10:46:50,44.73,86.08,86.4,44.58,0,0,31,51.9,19,50.3,0,27,0,22,8.4,6.5,3,21,0,22,-40,5,0,2207.1,21,11.45,0,0
10:46:51,44.73,86.08,86.4,44.58,0,0,31,51.9,19,50.3,0,27,0,22,8.4,6.5,3,21,0,22,-40,5,0,2207.1,21,11.45,0,0
10:46:52,44.81,86.11,86.46,44.54,0,0,31,52,19,50.4,0,27,0,22,8.4,6.6,3,21,0,22,-40,5,0,2207.1,21,11.51,0,0
10:46:53,44.81,86.11,86.46,44.54,0,0,31,52,19,50.4,0,27,0,22,8.4,6.6,3,21,0,22,-40,5,0,2207.1,21,11.51,0,0
10:46:54,44.81,86.11,86.46,44.54,0,0,31,52,19,50.4,0,27,0,22,8.4,6.6,3,21,0,22,-40,5,0,2207.1,21,11.51,0,0
10:46:55,44.71,86.01,86.38,44.49,0,0,31,51.9,19,50.3,0,27,0,22,8.4,6.5,3,21,0,22,-40,5,0,2207.1,21,11.45,0,0
10:46:56,44.71,86.01,86.38,44.49,0,0,31,51.9,19,50.3,0,27,0,22,8.4,6.5,3,21,0,22,-40,5,0,2207.1,21,11.45,0,0
10:46:57,44.71,86.01,86.38,44.49,0,0,31,51.9,19,50.3,0,27,0,22,8.4,6.5,3,21,0,22,-40,5,0,2207.1,21,11.45,0,0
10:46:58,44.71,86.16,86.46,44.69,0,0,31,52,19,50.3,0,27,0,22,8.4,6.6,3,21,0,22,-40,5,0,2207.1,21,11.5,0,0
10:46:59,44.71,86.16,86.46,44.69,0,0,31,52,19,50.3,0,27,0,22,8.4,6.6,3,21,0,22,-40,5,0,2207.1,21,11.5,0,0
10:47:00,44.7,85.99,86.38,44.53,0,0,31,51.9,19,50.3,0,27,0,22,8.4,6.5,3,21,0,22,-40,5,0,2207.1,21,11.46,0,0
10:47:01,44.7,85.99,86.38,44.53,0,0,31,51.9,19,50.3,0,27,0,22,8.4,6.5,3,21,0,22,-40,5,0,2207.1,21,11.46,0,0
10:47:02,44.7,85.99,86.38,44.53,0,0,31,51.9,19,50.3,0,27,0,22,8.4,6.5,3,21,0,22,-40,5,0,2207.1,21,11.46,0,0
10:47:03,44.72,86.09,86.44,44.66,0,0,31,51.9,19,50.4,0,27,0,22,8.4,6.6,3,21,0,22,-40,5,0,2207.1,21,11.47,0,0
10:47:04,44.72,86.09,86.44,44.66,0,0,31,51.9,19,50.4,0,27,0,22,8.4,6.6,3,21,0,22,-40,5,0,2207.1,21,11.47,0,0
10:47:05,44.72,86.09,86.44,44.66,0,0,31,51.9,19,50.4,0,27,0,22,8.4,6.6,3,21,0,22,-40,5,0,2207.1,21,11.47,0,0
10:47:06,44.78,86.12,86.49,44.63,0,0,31,52,19,50.3,0,27,0,21,8.4,6.6,3,21,0,22,-40,5,0,2207.1,21,11.52,0,0
10:47:07,44.78,86.12,86.49,44.63,0,0,31,52,19,50.3,0,27,0,21,8.4,6.6,3,21,0,22,-40,5,0,2207.1,21,11.52,0,0
10:47:08,44.78,86.12,86.49,44.63,0,0,31,52,19,50.3,0,27,0,21,8.4,6.6,3,21,0,22,-40,5,0,2207.1,21,11.52,0,0
10:47:09,44.71,86.06,86.43,44.58,0,0,31,51.9,19,50.3,0,27,0,21,8.4,6.5,3,21,0,22,-40,5,0,2207.1,21,11.47,0,0
10:47:10,44.71,86.06,86.43,44.58,0,0,31,51.9,19,50.3,0,27,0,21,8.4,6.5,3,21,0,22,-40,5,0,2207.1,21,11.47,0,0
10:47:11,44.71,86.06,86.43,44.58,0,0,31,51.9,19,50.3,0,27,0,21,8.4,6.5,3,21,0,22,-40,5,0,2207.1,21,11.47,0,0
10:47:12,44.82,86.18,86.44,44.67,0,0,31,51.9,19,50.4,0,27,0,22,8.4,6.6,3,21,0,22,-40,5,0,2207.1,21,11.52,0,0
10:47:13,44.82,86.18,86.44,44.67,0,0,31,51.9,19,50.4,0,27,0,22,8.4,6.6,3,21,0,22,-40,5,0,2207.1,21,11.52,0,0
10:47:14,44.72,86.05,86.44,44.61,0,0,31,51.9,19,50.4,0,27,0,21,8.4,6.6,3,21,0,22,-40,5,0,2207.1,21,11.48,0,0
10:47:15,44.72,86.05,86.44,44.61,0,0,31,51.9,19,50.4,0,27,0,21,8.4,6.6,3,21,0,22,-40,5,0,2207.1,21,11.48,0,0
10:47:16,44.71,86.04,86.41,44.57,0,0,31,51.9,19,50.3,0,27,0,21,8.3,6.5,3,21,0,22,-40,5,0,2207.1,21,11.47,0,0
10:47:17,44.71,86.04,86.41,44.57,0,0,31,51.9,19,50.3,0,27,0,21,8.3,6.5,3,21,0,22,-40,5,0,2207.1,21,11.47,0,0
10:47:18,44.78,86.14,86.47,44.66,0,0,31,51.9,19,50.4,0,27,0,22,8.4,6.6,3,21,0,22,-40,5,0,2207.1,21,11.49,0,0
10:47:19,44.78,86.14,86.47,44.66,0,0,31,51.9,19,50.4,0,27,0,22,8.4,6.6,3,21,0,22,-40,5,0,2207.1,21,11.49,0,0
10:47:20,44.78,86.14,86.47,44.66,0,0,31,51.9,19,50.4,0,27,0,22,8.4,6.6,3,21,0,22,-40,5,0,2207.1,21,11.49,0,0
10:47:21,44.73,86.11,86.38,44.59,0,0,31,51.9,19,50.3,0,27,0,21,8.4,6.5,3,21,0,22,-40,5,0,2207.1,21,11.47,0,0
10:47:22,44.73,86.11,86.38,44.59,0,0,31,51.9,19,50.3,0,27,0,21,8.4,6.5,3,21,0,22,-40,5,0,2207.1,21,11.47,0,0
10:47:23,44.69,86.04,86.37,44.57,0,0,31,51.9,19,50.3,0,26,0,21,8.4,6.5,3,21,0,22,-40,5,0,2207.1,21,11.47,0,0
10:47:24,44.69,86.04,86.37,44.57,0,0,31,51.9,19,50.3,0,26,0,21,8.4,6.5,3,21,0,22,-40,5,0,2207.1,21,11.47,0,0
10:47:25,44.72,86.04,86.38,44.58,0,0,31,52,19,50.4,0,27,0,22,8.4,6.6,3,21,0,22,-40,5,0,2207.1,21,11.48,0,0
10:47:26,44.72,86.04,86.38,44.58,0,0,31,52,19,50.4,0,27,0,22,8.4,6.6,3,21,0,22,-40,5,0,2207.1,21,11.48,0,0
10:47:27,44.76,86.06,86.46,44.64,0,0,31,51.9,19,50.4,0,27,0,21,8.4,6.6,3,21,0,22,-40,5,0,2207.1,21,11.48,0,0
10:47:28,44.76,86.06,86.46,44.64,0,0,31,51.9,19,50.4,0,27,0,21,8.4,6.6,3,21,0,22,-40,5,0,2207.1,21,11.48,0,0
10:47:29,44.76,85.99,86.42,44.5,0,0,31,51.8,19,50.3,0,27,0,22,8.4,6.5,3,21,0,22,-39,5,0,2207.1,21,11.45,0,0
10:47:30,44.76,85.99,86.42,44.5,0,0,31,51.8,19,50.3,0,27,0,22,8.4,6.5,3,21,0,22,-39,5,0,2207.1,21,11.45,0,0
10:47:31,44.76,85.99,86.42,44.5,0,0,31,51.8,19,50.3,0,27,0,22,8.4,6.5,3,21,0,22,-39,5,0,2207.1,21,11.45,0,0
10:47:32,44.76,86.06,86.41,44.6,0,0,31,51.9,19,50.3,0,27,0,22,8.4,6.6,3,21,0,22,-39,5,0,2207.1,21,11.48,0,0
10:47:33,44.76,86.06,86.41,44.6,0,0,31,51.9,19,50.3,0,27,0,22,8.4,6.6,3,21,0,22,-39,5,0,2207.1,21,11.48,0,0
10:47:34,44.76,86.06,86.41,44.6,0,0,31,51.9,19,50.3,0,27,0,22,8.4,6.6,3,21,0,22,-39,5,0,2207.1,21,11.48,0,0
10:47:35,44.72,86.09,86.42,44.66,0,0,31,51.9,19,50.4,0,26,0,21,8.4,6.6,3,21,0,22,-39,5,0,2207.1,21,11.49,0,0
10:47:36,44.72,86.09,86.42,44.66,0,0,31,51.9,19,50.4,0,26,0,21,8.4,6.6,3,21,0,22,-39,5,0,2207.1,21,11.49,0,0
10:47:37,44.72,86.09,86.42,44.66,0,0,31,51.9,19,50.4,0,26,0,21,8.4,6.6,3,21,0,22,-39,5,0,2207.1,21,11.49,0,0
10:47:38,44.78,86.14,86.48,44.63,0,0,31,51.9,19,50.3,0,27,0,22,8.4,6.6,3,21,0,22,-39,5,0,2207.1,21,11.51,0,0
10:47:39,44.78,86.14,86.48,44.63,0,0,31,51.9,19,50.3,0,27,0,22,8.4,6.6,3,21,0,22,-39,5,0,2207.1,21,11.51,0,0
10:47:40,44.78,86.14,86.48,44.63,0,0,31,51.9,19,50.3,0,27,0,22,8.4,6.6,3,21,0,22,-39,5,0,2207.1,21,11.51,0,0
10:47:41,44.71,86.05,86.42,44.54,0,0,31,51.9,19,50.3,0,27,0,21,8.4,6.5,3,21,0,22,-39,5,0,2207.1,21,11.46,0,0
10:47:42,44.71,86.05,86.42,44.54,0,0,31,51.9,19,50.3,0,27,0,21,8.4,6.5,3,21,0,22,-39,5,0,2207.1,21,11.46,0,0
10:47:43,44.71,86.05,86.42,44.54,0,0,31,51.9,19,50.3,0,27,0,21,8.4,6.5,3,21,0,22,-39,5,0,2207.1,21,11.46,0,0
10:47:44,44.78,86.15,86.51,44.66,0,0,31,51.9,19,50.4,0,27,0,21,8.4,6.6,3,21,0,22,-39,5,0,2207.1,21,11.49,0,0
10:47:45,44.78,86.15,86.51,44.66,0,0,31,51.9,19,50.4,0,27,0,21,8.4,6.6,3,21,0,22,-39,5,0,2207.1,21,11.49,0,0
10:47:46,44.7,86.07,86.37,44.61,0,0,31,52,19,50.4,0,27,0,21,8.4,6.6,3,21,0,22,-39,5,0,2207.1,21,11.47,0,0
10:47:47,44.7,86.07,86.37,44.61,0,0,31,52,19,50.4,0,27,0,21,8.4,6.6,3,21,0,22,-39,5,0,2207.1,21,11.47,0,0
10:47:48,44.69,86,86.36,44.56,0,0,31,51.9,19,50.4,0,27,0,22,8.4,6.6,3,21,0,22,-39,5,0,2207.1,21,11.47,0,0
10:47:49,44.69,86,86.36,44.56,0,0,31,51.9,19,50.4,0,27,0,22,8.4,6.6,3,21,0,22,-39,5,0,2207.1,21,11.47,0,0
10:47:50,44.73,86.04,86.44,44.59,0,0,31,51.9,19,50.4,0,27,0,22,8.4,6.6,3,21,0,22,-39,5,0,2207.1,21,11.48,0,0
10:47:51,44.73,86.04,86.44,44.59,0,0,31,51.9,19,50.4,0,27,0,22,8.4,6.6,3,21,0,22,-39,5,0,2207.1,21,11.48,0,0
10:47:52,44.73,86.04,86.44,44.59,0,0,31,51.9,19,50.4,0,27,0,22,8.4,6.6,3,21,0,22,-39,5,0,2207.1,21,11.48,0,0
10:47:53,44.73,86.07,86.46,44.59,0,0,31,51.8,19,50.3,0,27,0,21,8.4,6.6,3,21,0,22,-39,5,0,2207.1,21,11.48,0,0
10:47:54,44.73,86.07,86.46,44.59,0,0,31,51.8,19,50.3,0,27,0,21,8.4,6.6,3,21,0,22,-39,5,0,2207.1,21,11.48,0,0
10:47:55,44.78,86.13,86.49,44.58,0,0,31,51.9,19,50.3,0,27,0,22,8.4,6.6,3,21,0,22,-39,5,0,2207.1,21,11.47,0,0
10:47:56,44.78,86.13,86.49,44.58,0,0,31,51.9,19,50.3,0,27,0,22,8.4,6.6,3,21,0,22,-39,5,0,2207.1,21,11.47,0,0
10:47:57,44.78,86.13,86.49,44.58,0,0,31,51.9,19,50.3,0,27,0,22,8.4,6.6,3,21,0,22,-39,5,0,2207.1,21,11.47,0,0
10:47:58,44.77,86.13,86.42,44.59,0,0,31,51.9,19,50.4,0,26,0,21,8.4,6.6,3,21,0,22,-39,5,0,2207.1,21,11.49,0,0
10:47:59,44.77,86.13,86.42,44.59,0,0,31,51.9,19,50.4,0,26,0,21,8.4,6.6,3,21,0,22,-39,5,0,2207.1,21,11.49,0,0
10:48:00,44.69,86.04,86.47,44.54,0,0,31,51.9,19,50.4,0,27,0,22,8.4,6.6,3,21,0,22,-39,5,0,2207.1,21,11.47,0,0
10:48:01,44.69,86.04,86.47,44.54,0,0,31,51.9,19,50.4,0,27,0,22,8.4,6.6,3,21,0,22,-39,5,0,2207.1,21,11.47,0,0
10:48:02,44.83,86.18,86.47,44.71,0,0,31,51.9,19,50.3,0,27,0,22,8.4,6.6,3,21,0,22,-39,5,0,2207.1,21,11.5,0,0
10:48:03,44.83,86.18,86.47,44.71,0,0,31,51.9,19,50.3,0,27,0,22,8.4,6.6,3,21,0,22,-39,5,0,2207.1,21,11.5,0,0
10:48:04,44.78,86.12,86.47,44.67,0,0,31,51.9,19,50.3,0,27,0,22,8.4,6.6,3,21,0,22,-39,5,0,2207.1,21,11.5,0,0
10:48:05,44.78,86.12,86.47,44.67,0,0,31,51.9,19,50.3,0,27,0,22,8.4,6.6,3,21,0,22,-39,5,0,2207.1,21,11.5,0,0
10:48:06,44.71,86.05,86.39,44.66,0,0,31,51.9,19,50.4,0,27,0,22,8.4,6.6,3,21,0,22,-39,5,0,2207.1,21.1,11.5,0,0
10:48:07,44.71,86.05,86.39,44.66,0,0,31,51.9,19,50.4,0,27,0,22,8.4,6.6,3,21,0,22,-39,5,0,2207.1,21.1,11.5,0,0
10:48:08,44.69,86.01,86.38,44.53,0,0,31,51.9,19,50.4,0,26,0,22,8.4,6.6,3,21,0,22,-39,5,0,2207.1,21,11.48,0,0
10:48:09,44.69,86.01,86.38,44.53,0,0,31,51.9,19,50.4,0,26,0,22,8.4,6.6,3,21,0,22,-39,5,0,2207.1,21,11.48,0,0
10:48:10,44.66,86.04,86.36,44.54,0,0,31,51.8,19,50.3,0,26,0,22,8.3,6.5,3,21,0,22,-39,5,0,2207.1,21,11.45,0,0
10:48:11,44.66,86.04,86.36,44.54,0,0,31,51.8,19,50.3,0,26,0,22,8.3,6.5,3,21,0,22,-39,5,0,2207.1,21,11.45,0,0
10:48:12,44.67,86.04,86.36,44.53,0,0,31,51.9,19,50.3,0,26,0,22,8.4,6.6,3,21,0,22,-39,5,0,2207.1,21,11.45,0,0
10:48:13,44.67,86.04,86.36,44.53,0,0,31,51.9,19,50.3,0,26,0,22,8.4,6.6,3,21,0,22,-39,5,0,2207.1,21,11.45,0,0
10:48:14,44.67,86.04,86.36,44.53,0,0,31,51.9,19,50.3,0,26,0,22,8.4,6.6,3,21,0,22,-39,5,0,2207.1,21,11.45,0,0
10:48:15,44.67,86.04,86.36,44.53,0,0,31,51.9,19,50.3,0,26,0,22,8.4,6.6,3,21,0,22,-39,5,0,2207.1,21,11.45,0,0
10:48:16,44.78,86.16,86.49,44.69,0,0,31,51.8,19,50.3,0,27,0,22,8.4,6.6,3,21,0,22,-39,5,0,2207.1,21.1,11.45,0,0
10:48:17,44.78,86.16,86.49,44.69,0,0,31,51.8,19,50.3,0,27,0,22,8.4,6.6,3,21,0,22,-39,5,0,2207.1,21.1,11.45,0,0
10:48:18,44.78,86.16,86.49,44.69,0,0,31,51.8,19,50.3,0,27,0,22,8.4,6.6,3,21,0,22,-39,5,0,2207.1,21.1,11.45,0,0
10:48:19,44.76,86.14,86.47,44.67,0,0,31,51.8,19,50.4,0,27,0,22,8.4,6.6,3,21,0,22,-39,5,0,2207.1,21,11.45,0,0
10:48:20,44.76,86.14,86.47,44.67,0,0,31,51.8,19,50.4,0,27,0,22,8.4,6.6,3,21,0,22,-39,5,0,2207.1,21,11.45,0,0
10:48:21,44.72,86.01,86.42,44.58,0,0,31,51.8,19,50.4,0,26,0,21,8.4,6.6,3,21,0,22,-39,5,0,2207.1,21,11.46,0,0
10:48:22,44.72,86.01,86.42,44.58,0,0,31,51.8,19,50.4,0,26,0,21,8.4,6.6,3,21,0,22,-39,5,0,2207.1,21,11.46,0,0
10:48:23,44.72,86.01,86.42,44.58,0,0,31,51.8,19,50.4,0,26,0,21,8.4,6.6,3,21,0,22,-39,5,0,2207.1,21,11.46,0,0
10:48:24,44.81,86.15,86.53,44.67,0,0,31,51.9,19,50.4,0,27,0,22,8.4,6.6,3,21,0,22,-39,5,0,2207.1,21,11.52,0,0
10:48:25,44.81,86.15,86.53,44.67,0,0,31,51.9,19,50.4,0,27,0,22,8.4,6.6,3,21,0,22,-39,5,0,2207.1,21,11.52,0,0
10:48:26,44.81,86.15,86.53,44.67,0,0,31,51.9,19,50.4,0,27,0,22,8.4,6.6,3,21,0,22,-39,5,0,2207.1,21,11.52,0,0
10:48:27,44.79,86.21,86.52,44.67,0,0,31,51.9,19,50.4,0,27,0,22,8.4,6.6,3,21,0,22,-39,5,0,2207.1,21.1,11.49,0,0
10:48:28,44.79,86.21,86.52,44.67,0,0,31,51.9,19,50.4,0,27,0,22,8.4,6.6,3,21,0,22,-39,5,0,2207.1,21.1,11.49,0,0
10:48:29,44.74,86.16,86.45,44.69,0,0,31,51.8,19,50.4,0,26,0,22,8.4,6.6,3,21,0,22,-39,5,0,2207.1,21.1,11.51,0,0
10:48:30,,,,,0,0,,,19,,,,0,,,,,,0,,,,,,,,0,0
10:48:31,44.78,86.16,86.49,44.69,0,0,31,51.8,19,50.3,0,27,0,22,8.4,6.6,3,21,0,22,-39,5,0,2207.1,21.1,11.45,0,0
10:48:32,44.78,86.16,86.49,44.69,0,0,31,51.8,19,50.3,0,27,0,22,8.4,6.6,3,21,0,22,-39,5,0,2207.1,21.1,11.45,0,0
10:48:33,44.78,86.16,86.49,44.69,0,0,31,51.8,19,50.3,0,27,0,22,8.4,6.6,3,21,0,22,-39,5,0,2207.1,21.1,11.45,0,0
10:48:34,44.76,86.14,86.47,44.67,0,0,31,51.8,19,50.4,0,27,0,22,8.4,6.6,3,21,0,22,-39,5,0,2207.1,21,11.45,0,0
10:48:35,44.76,86.14,86.47,44.67,0,0,31,51.8,19,50.4,0,27,0,22,8.4,6.6,3,21,0,22,-39,5,0,2207.1,21,11.45,0,0
10:48:36,44.72,86.01,86.42,44.58,0,0,31,51.8,19,50.4,0,26,0,21,8.4,6.6,3,21,0,22,-39,5,0,2207.1,21,11.46,0,0
10:48:37,44.72,86.01,86.42,44.58,0,0,31,51.8,19,50.4,0,26,0,21,8.4,6.6,3,21,0,22,-39,5,0,2207.1,21,11.46,0,0
10:48:38,44.72,86.01,86.42,44.58,0,0,31,51.8,19,50.4,0,26,0,21,8.4,6.6,3,21,0,22,-39,5,0,2207.1,21,11.46,0,0
10:48:39,44.81,86.15,86.53,44.67,0,0,31,51.9,19,50.4,0,27,0,22,8.4,6.6,3,21,0,22,-39,5,0,2207.1,21,11.52,0,0
10:48:40,44.81,86.15,86.53,44.67,0,0,31,51.9,19,50.4,0,27,0,22,8.4,6.6,3,21,0,22,-39,5,0,2207.1,21,11.52,0,0
10:48:41,44.81,86.15,86.53,44.67,0,0,31,51.9,19,50.4,0,27,0,22,8.4,6.6,3,21,0,22,-39,5,0,2207.1,21,11.52,0,0
10:48:42,44.79,86.21,86.52,44.67,0,0,31,51.9,19,50.4,0,27,0,22,8.4,6.6,3,21,0,22,-39,5,0,2207.1,21.1,11.49,0,0
10:48:43,44.79,86.21,86.52,44.67,0,0,31,51.9,19,50.4,0,27,0,22,8.4,6.6,3,21,0,22,-39,5,0,2207.1,21.1,11.49,0,0
10:48:44,44.74,86.16,86.45,44.69,0,0,31,51.8,19,50.4,0,26,0,22,8.4,6.6,3,21,0,22,-39,5,0,2207.1,21.1,11.51,0,0
10:48:45,44.78,86.16,86.49,44.69,0,0,31,51.8,19,50.3,0,27,0,22,8.4,6.6,3,21,0,22,-39,5,0,2207.1,21.1,11.45,0,0
10:48:46,44.78,86.16,86.49,44.69,0,0,31,51.8,19,50.3,0,27,0,22,8.4,6.6,3,21,0,22,-39,5,0,2207.1,21.1,11.45,0,0
10:48:47,44.78,86.16,86.49,44.69,0,0,31,51.8,19,50.3,0,27,0,22,8.4,6.6,3,21,0,22,-39,5,0,2207.1,21.1,11.45,0,0
10:48:48,44.76,86.14,86.47,44.67,0,0,31,51.8,19,50.4,0,27,0,22,8.4,6.6,3,21,0,22,-39,5,0,2207.1,21,11.45,0,0
10:48:49,44.76,86.14,86.47,44.67,0,0,31,51.8,19,50.4,0,27,0,22,8.4,6.6,3,21,0,22,-39,5,0,2207.1,21,11.45,0,0
10:48:50,44.72,86.01,86.42,44.58,0,0,31,51.8,19,50.4,0,26,0,21,8.4,6.6,3,21,0,22,-39,5,0,2207.1,21,11.46,0,0
10:48:51,44.72,86.01,86.42,44.58,0,0,31,51.8,19,50.4,0,26,0,21,8.4,6.6,3,21,0,22,-39,5,0,2207.1,21,11.46,0,0
10:48:52,44.72,86.01,86.42,44.58,0,0,31,51.8,19,50.4,0,26,0,21,8.4,6.6,3,21,0,22,-39,5,0,2207.1,21,11.46,0,0
10:48:53,44.81,86.15,86.53,44.67,0,0,31,51.9,19,50.4,0,27,0,22,8.4,6.6,3,21,0,22,-39,5,0,2207.1,21,11.52,0,0
10:48:54,44.81,86.15,86.53,44.67,0,0,31,51.9,19,50.4,0,27,0,22,8.4,6.6,3,21,0,22,-39,5,0,2207.1,21,11.52,0,0
10:48:55,44.81,86.15,86.53,44.67,0,0,31,51.9,19,50.4,0,27,0,22,8.4,6.6,3,21,0,22,-39,5,0,2207.1,21,11.52,0,0
10:48:56,44.79,86.21,86.52,44.67,0,0,31,51.9,19,50.4,0,27,0,22,8.4,6.6,3,21,0,22,-39,5,0,2207.1,21.1,11.49,0,0
10:48:57,44.79,86.21,86.52,44.67,0,0,31,51.9,19,50.4,0,27,0,22,8.4,6.6,3,21,0,22,-39,5,0,2207.1,21.1,11.49,0,0
10:48:58,44.74,86.16,86.45,44.69,0,0,31,51.8,19,50.4,0,26,0,22,8.4,6.6,3,21,0,22,-39,5,0,2207.1,21.1,11.51,0,0
10:48:59,44.79,86.21,86.52,44.67,0,0,31,51.9,19,50.4,0,27,0,22,8.4,6.6,3,21,0,22,-39,5,0,2207.1,21.1,11.49,0,0
10:49:00,44.74,86.16,86.45,44.69,0,0,31,51.8,19,50.4,0,26,0,22,8.4,6.6,3,21,0,22,-39,5,0,2207.1,21.1,11.51,0,0
