Timestamp,CO2,Finedust,Humidity,Temperature,Lightpower,Fanpower,Roompower,Result
2022-08-01 0:00,1311.38,3.16,56.35,25.54,25.85,16.57,145.98,0
2022-08-01 1:00,1706.03,5.65,53.71,25.49,57.29,40.27,226.44,1
2022-08-01 2:00,1958.79,4.29,53.56,25.11,22.16,42.62,177.52,0
2022-08-01 3:00,2097,5.81,56.63,24.93,12.52,42.42,147.6,0
2022-08-01 4:00,2071,2.8,52.93,24.65,12.5,42.28,145.88,0
2022-08-01 5:00,2047.09,1.97,57.86,24.5,12.51,42.33,150.5,0
2022-08-01 6:00,2032.94,2,54.87,24.4,12.48,39.75,141.31,0
2022-08-01 7:00,2111.61,3.6,54.51,24.23,12.45,38.99,146.39,0
2022-08-01 8:00,2184.63,2.28,54.3,24.04,12.42,38.45,145.02,0
2022-08-01 9:00,2271.24,4.24,56.92,23.94,12.41,38.27,133.37,0
2022-08-01 10:00,2404.18,5.86,63.11,24.1,12.5,40.36,169.05,0
2022-08-01 11:00,2441.44,9.1,57.64,24.05,11.9,35.77,145.29,0
2022-08-01 12:00,2134.55,7.66,60.24,24.43,13.24,0.13,106.24,0
2022-08-01 13:00,1668.21,5.2,60.79,24.8,13.26,4.82,103.67,0
2022-08-01 14:00,1543.03,5.09,58.36,25.46,13.55,24.45,115.2,0
2022-08-01 15:00,1344.66,9,58.73,25.7,32.61,34.18,176.26,0
2022-08-01 16:00,1202.9,7.36,54.25,25.52,13.31,7.51,79.12,0
2022-08-01 17:00,1048.22,4.24,57.84,25.09,13.45,17.62,52.64,0
2022-08-01 18:00,912.82,3.34,57.95,24.76,13.3,18.71,79.51,0
2022-08-01 19:00,807.82,2.93,56.66,24.9,13.4,9.29,108.05,0
2022-08-01 20:00,771.33,2.77,56.17,25.22,13.47,14.14,111.83,0
2022-08-01 21:00,766.21,2.72,59.26,25.31,13.39,11.83,104.43,0
2022-08-01 22:00,766.89,2.82,56.15,25.44,13.4,8.65,107.29,0
2022-08-01 23:00,842.77,3.06,55.08,25.5,13.4,8.5,115.89,0
2022-08-02 0:00,917.24,2.86,57,25.5,13.54,17.86,116.76,0
2022-08-02 1:00,1015.55,4.38,54.66,25.5,13.49,5.65,110.03,0
2022-08-02 2:00,1090.65,4.27,53.68,25.58,13.49,12.82,119.69,0
2022-08-02 3:00,1162.46,3.31,55.74,25.58,13.43,6.06,110.22,0
2022-08-02 4:00,1232.26,2.71,53.47,25.6,13.42,3.67,114.42,0
2022-08-02 5:00,1308.69,2.32,54.63,25.6,13.46,12.54,110,0
2022-08-02 6:00,1383.11,2.19,54.53,25.6,13.42,9.14,109.45,0
2022-08-02 7:00,1417.56,2.14,53.63,25.6,13.38,7.79,98.35,0
2022-08-02 8:00,1457.29,2.17,53.71,25.6,13.26,11.19,111.52,0
2022-08-02 9:00,1488.31,2.32,54.18,25.6,13.48,5.95,104.33,0
2022-08-02 10:00,1501.07,2.88,58.57,25.59,13.49,24.79,119.72,0
2022-08-02 11:00,1482,3.5,55.1,25.6,13.33,9.17,105.68,0
2022-08-02 12:00,1459.03,3.44,53.44,25.6,13.41,10.74,104.94,0
2022-08-02 13:00,1368.25,3.18,52.71,25.6,13.36,8.2,115.83,0
2022-08-02 14:00,1263,3.09,52.48,25.6,13.37,10.48,107.67,0
2022-08-02 15:00,1204.67,3.18,53.44,25.6,13.49,13.61,110.72,0
2022-08-02 16:00,1217,3,52.82,25.56,13.28,7.01,71.56,0
2022-08-02 17:00,1202.86,2.58,56.13,25.16,13.53,15.09,52.99,0
2022-08-02 18:00,1143.03,2.41,55.58,24.85,13.36,7.11,66.85,0
2022-08-02 19:00,1107.05,2.5,54.64,25.1,13.35,9.43,101.83,0
2022-08-02 20:00,1105.68,3.12,53.92,25.32,13.52,11.65,104.05,0
2022-08-02 21:00,1011.19,3.03,55.58,25.47,13.39,7.71,105.93,0
2022-08-02 22:00,744.06,3.13,53.98,25.56,13.43,5.8,103.34,0
2022-08-02 23:00,733.74,3.32,53.33,25.6,13.41,12.16,107.01,0
2022-08-03 0:00,743.24,2.93,55.43,25.6,13.58,9.44,124.64,0
2022-08-03 1:00,763,2.82,55.25,25.6,13.36,5.66,106,0
2022-08-03 2:00,792.76,2.97,54.7,25.66,13.6,8.2,118.64,0
2022-08-03 3:00,788.31,3.1,56,25.65,13.49,4.15,114.31,0
2022-08-03 4:00,830.19,3.29,54.6,25.7,13.37,8.32,108.08,0
2022-08-03 5:00,835.88,3.43,55.57,25.7,13.54,11.18,113.68,0
2022-08-03 6:00,848.73,3.19,55.37,25.7,13.37,6.15,109.05,0
2022-08-03 7:00,897.91,3.44,54.48,25.7,13.37,12.88,105.48,0
2022-08-03 8:00,998.38,3.83,53.87,25.7,13.34,5.05,100.44,0
2022-08-03 9:00,1049.97,4.23,54,25.7,13.37,7.97,108.07,0
2022-08-03 10:00,1081.94,5,57.86,25.63,13.35,9.95,106.36,0
2022-08-03 11:00,1113.42,6.05,55.36,25.69,13.36,5.7,101.49,0
2022-08-03 12:00,1079.18,6.39,54.52,25.7,13.38,2.05,101.93,0
2022-08-03 13:00,1021.35,6.26,53.69,25.68,13.27,9.57,100.99,0
2022-08-03 14:00,966.77,6,52.86,25.63,13.3,15.21,112.21,0
2022-08-03 15:00,912.26,5.74,54.77,25.6,13.38,8.74,101.96,0
2022-08-03 16:00,858.79,5.26,52.71,25.58,13.31,12.02,82.11,0
2022-08-03 17:00,815.49,5.16,56.64,25.26,13.5,16.82,58.56,0
2022-08-03 18:00,735.44,5.08,56.62,24.88,13.3,3.62,71.57,0
2022-08-03 19:00,662.91,5.25,55.74,25.04,13.29,12.28,113.6,0
2022-08-03 20:00,656.26,5.1,53.4,25.32,13.37,14.58,104.81,0
2022-08-03 21:00,654.13,4.85,53.62,25.46,13.54,7.75,106.28,0
2022-08-03 22:00,655.56,4.72,55.67,25.5,13.43,14.8,110.57,0
2022-08-03 23:00,653.73,4.77,53.6,25.5,13.37,6.06,109.11,0
2022-08-04 0:00,672.66,4.52,55.4,25.58,13.44,21.7,111.19,0
2022-08-04 1:00,708.69,4.21,53.6,25.6,13.39,1.9,104.66,0
2022-08-04 2:00,747.21,4.09,53.14,25.6,13.44,8.83,119.77,0
2022-08-04 3:00,773.53,3.69,54.44,25.6,13.53,14.64,111.37,0
2022-08-04 4:00,809.88,3.65,53,25.63,13.4,2.11,113.32,0
2022-08-04 5:00,839.49,3.29,54.61,25.65,13.45,13.66,115.11,0
2022-08-04 6:00,860.73,3.03,53.89,25.66,13.39,7.89,107.99,0
2022-08-04 7:00,919.03,3.16,53.1,25.66,13.41,4.59,106.89,0
2022-08-04 8:00,988.12,3.83,53.14,25.62,13.39,4.05,100.95,0
2022-08-04 9:00,1004.36,3.49,53.94,25.63,13.4,12.95,107.67,0
2022-08-04 10:00,995.41,3.08,58,25.58,13.54,22.09,111.35,0
2022-08-04 11:00,967,2.67,53.85,25.6,13.38,14.45,107.8,0
2022-08-04 12:00,912.87,2.69,52.83,25.58,13.48,16.62,124.56,0
2022-08-04 13:00,826.9,2.92,52.35,25.6,13.42,17.6,110.37,0
2022-08-04 14:00,728,3.18,52.75,25.5,13.46,17.07,119.31,0
2022-08-04 15:00,683.39,3.06,55.92,25.5,13.48,17.3,113.33,0
2022-08-04 16:00,664.36,3.08,52.63,25.49,13.33,16.85,79.12,0
2022-08-04 17:00,643.58,2.71,56.35,25.27,13.69,26.36,55.01,0
2022-08-04 18:00,620.74,2.13,56.78,24.88,13.35,10.13,78.85,0
2022-08-04 19:00,616.25,2.15,54.18,24.88,13.31,9.54,114.18,0
2022-08-04 20:00,632.67,2.1,52.61,25.22,13.32,10.91,100.84,0
2022-08-04 21:00,640.6,2.14,52.81,25.4,13.54,17.69,118.18,0
2022-08-04 22:00,664.96,2.11,55.36,25.46,13.35,11.91,108.99,0
2022-08-04 23:00,709.8,2.16,53.4,25.5,13.46,5.95,112.45,0
2022-08-05 0:00,772.25,2.41,55.49,25.5,13.53,11.01,125.33,0
2022-08-05 1:00,823.78,2.49,53.3,25.6,13.31,17.76,110.42,0
2022-08-05 2:00,875.18,2.73,52.2,25.6,13.46,12.32,113.63,0
2022-08-05 3:00,913.97,3.33,53.99,25.6,13.34,12.39,111.56,0
2022-08-05 4:00,936.68,3.44,52.51,25.6,13.33,10,107.44,0
2022-08-05 5:00,953.38,5.62,55.2,25.6,13.49,15.89,109.2,0
2022-08-05 6:00,972.78,6.33,54.26,25.6,13.41,6.32,109.59,0
2022-08-05 7:00,977.25,5,52.83,25.6,13.35,7.76,108.06,0
2022-08-05 8:00,998.17,4.4,52.66,25.6,13.29,6.69,105.98,0
2022-08-05 9:00,1001.83,3.7,52.51,25.6,13.43,8.9,113.63,0
2022-08-05 10:00,1006.32,3.39,58.13,25.56,13.46,20.46,118.43,0
2022-08-05 11:00,973.19,3.64,54.47,25.6,13.43,17.34,112.14,0
2022-08-05 12:00,916.68,3.5,52.98,25.56,13.4,12.69,118.9,0
2022-08-05 13:00,820.22,3.22,52.64,25.51,13.38,12.05,115.37,0
2022-08-05 14:00,749.23,2.82,52.53,25.5,13.42,18.79,111.02,0
2022-08-05 15:00,689.91,2.35,54.9,25.5,13.47,16.13,113.62,0
2022-08-05 16:00,686.44,2.45,51.96,25.48,13.36,7.12,74.82,0
2022-08-05 17:00,690.33,2.06,56.77,25.13,13.61,18.66,55.17,0
2022-08-05 18:00,662.12,1.96,55.96,24.83,13.53,12.9,69.02,0
2022-08-05 19:00,617.43,2.05,54.68,25.01,13.41,11.15,112.61,0
2022-08-05 20:00,617.17,2.32,53.54,25.25,13.42,10.24,110.32,0
2022-08-05 21:00,654.63,2.58,52.42,25.38,13.5,12.23,113.67,0
2022-08-05 22:00,643.39,2.81,54.67,25.45,13.44,15.21,115.07,0
2022-08-05 23:00,699.05,3.21,52.8,25.5,13.35,14.6,109.56,0
2022-08-06 0:00,769.79,3.77,55.01,25.5,13.41,14.96,126.65,0
2022-08-06 1:00,853.08,6.03,53.51,25.54,13.42,9.61,112.35,0
2022-08-06 2:00,1008.76,19.56,61.06,25.64,31.17,24.23,191.04,0
2022-08-06 3:00,1030.38,18.71,62.23,25.62,10.27,31.26,230.72,1
2022-08-06 4:00,1191.06,9.94,58.33,25.64,10.12,15.88,208.74,1
2022-08-06 5:00,1256.52,6.29,58.67,25.63,10.15,22.21,172.45,0
2022-08-06 6:00,1323.89,5.31,57.64,25.7,10.07,19.99,176.18,0
2022-08-06 7:00,1380.72,5.83,56.89,25.75,10.06,23.31,165.41,0
2022-08-06 8:00,1409.61,5.67,56.04,25.75,12.63,15.93,182.87,0
2022-08-06 9:00,1481.24,13.7,57.16,25.67,51.86,29.74,274,1
2022-08-06 10:00,1325.89,13.6,56.63,25.75,20.22,25.46,145.19,0
2022-08-06 11:00,1252.63,8.45,54.15,25.49,13.4,15.51,109.63,0
2022-08-06 12:00,1134.63,7.83,53.92,25.46,13.43,8.09,114.63,0
2022-08-06 13:00,993.32,6.97,53.55,25.4,13.54,12.22,112.21,0
2022-08-06 14:00,860.08,6.67,54.48,25.4,13.53,17.22,113.11,0
2022-08-06 15:00,773.92,6,57.04,25.4,13.55,9.31,111.9,0
2022-08-06 16:00,725.55,5.89,53.17,25.39,13.38,11.82,78.4,0
2022-08-06 17:00,698.97,5.44,56.68,25.02,13.68,17.06,57.07,0
2022-08-06 18:00,661.1,5.42,56.96,24.79,13.36,9.21,84.75,0
2022-08-06 19:00,628.28,5.13,54.68,24.85,13.34,8.42,109.85,0
2022-08-06 20:00,601.42,5.1,53.83,25.16,13.35,5.14,108.51,0
2022-08-06 21:00,604.66,6.32,53.54,25.3,13.37,4.6,115.29,0
2022-08-06 22:00,639.16,6.23,57.36,25.32,13.48,11.54,113.02,0
2022-08-06 23:00,691.86,5.75,53.7,25.4,13.46,7.77,96.82,0
2022-08-07 0:00,773.91,5.43,54,25.4,13.56,14.95,111.55,0
2022-08-07 1:00,1059.84,12.58,59.72,25.58,42.64,16.94,182.56,0
2022-08-07 2:00,1517.19,26.49,60.73,25.7,14.46,29.4,126.59,0
2022-08-07 3:00,1743.32,11.46,60.92,25.62,12.62,23.55,124.53,0
2022-08-07 4:00,1732.47,5.88,57.52,25.54,12.62,23.9,120.55,0
2022-08-07 5:00,1718.51,4.45,60.7,25.5,12.72,30.66,137.66,0
2022-08-07 6:00,1719.17,4.17,58.61,25.56,12.55,20.31,124.85,0
2022-08-07 7:00,1746.05,4.7,57.86,25.5,11.43,21.48,171.16,0
2022-08-07 8:00,1751.11,4.39,57.3,25.49,11.47,20.96,171.79,0
2022-08-07 9:00,1742.68,4.55,57.32,25.45,11.62,30.72,180.49,0
2022-08-07 10:00,1755.43,4.44,58.87,25.42,11.41,23.77,187.92,0
2022-08-07 11:00,1742.05,25.03,63.69,25.52,14.13,28.38,178.01,0
2022-08-07 12:00,1477.33,14.2,58.63,25.7,34.52,24.84,166.62,0
2022-08-07 13:00,1210.06,8.31,54.81,25.7,13.54,13.86,124.37,0
2022-08-07 14:00,1031.23,6.73,55.52,25.64,13.59,15.5,116.13,0
2022-08-07 15:00,941.81,5.26,56.77,25.59,13.6,25.2,116.14,0
2022-08-07 16:00,1074.61,5.45,53.98,25.48,35.11,26.59,139.53,0
2022-08-07 17:00,1011.04,4.32,59.12,25.2,13.59,22.53,53.89,0
2022-08-07 18:00,833.15,3.71,57.62,24.9,13.44,15.72,72.98,0
2022-08-07 19:00,768.1,3.6,55.12,25,13.48,11.43,105.95,0
2022-08-07 20:00,788.76,4.07,53.88,25.3,13.36,7.27,108.71,0
2022-08-07 21:00,770.83,3.6,54.08,25.4,13.53,13.07,123.79,0
2022-08-07 22:00,777,3.54,56.46,25.49,13.49,7.17,106.76,0
2022-08-07 23:00,802.06,4.26,53.33,25.5,13.34,13.62,111.3,0
2022-08-08 0:00,864.06,4.32,54.67,25.51,13.57,15.26,122.67,0
2022-08-08 1:00,894.12,4.3,53.19,25.57,13.35,6.32,99.93,0
2022-08-08 2:00,931.29,4.42,52.3,25.58,13.48,6.14,113.64,0
2022-08-08 3:00,957.28,4.43,54.69,25.59,13.39,10.63,103.46,0
2022-08-08 4:00,962.19,4.83,52.73,25.6,13.41,7.06,109.63,0
2022-08-08 5:00,931.06,4.35,55.4,25.6,13.66,14.9,119.47,0
2022-08-08 6:00,909.52,3.75,53.66,25.6,13.43,10.62,111.53,0
2022-08-08 7:00,903.06,3.21,53,25.6,13.46,16.21,107.63,0
2022-08-08 8:00,931.35,5.18,53.62,25.58,13.48,10.47,106.59,0
2022-08-08 9:00,1028.93,7.69,54.51,25.75,18.39,26.93,135.17,0
2022-08-08 10:00,1027.9,9.03,58.44,25.77,24.75,20.71,140.16,0
2022-08-08 11:00,784.02,5.53,54.57,25.63,13.3,18.64,108.54,0
2022-08-08 12:00,714.34,4.34,52.94,25.6,13.37,6.39,108.72,0
2022-08-08 13:00,657.62,3.45,52.18,25.6,13.48,6.34,114.78,0
2022-08-08 14:00,655.91,2.97,52.03,25.6,13.38,6.06,111.46,0
2022-08-08 15:00,623.41,2.57,54.27,25.59,13.33,8.27,104.98,0
2022-08-08 16:00,596.2,2.4,52.37,25.58,13.41,11.37,82.23,0
2022-08-08 17:00,598.05,2.73,55.29,25.24,13.35,14.11,46.76,0
2022-08-08 18:00,578.28,3.07,55.9,24.88,13.4,9.1,72.07,0
2022-08-08 19:00,575.56,2.6,55.3,25.05,13.45,3.76,108.12,0
2022-08-08 20:00,578.38,2.69,54.07,25.36,13.42,4.66,107.37,0
2022-08-08 21:00,595.15,2.64,53.89,25.5,13.44,9.42,115.69,0
2022-08-08 22:00,594.7,2.4,56.06,25.51,13.37,4.31,110.25,0
2022-08-08 23:00,633.77,2.48,54.09,25.57,13.27,7.43,111.03,0
2022-08-09 0:00,707.97,3,56.13,25.61,24.68,4.63,123.31,0
2022-08-09 1:00,885.92,6.6,56.27,25.7,22.85,14.98,185.73,0
2022-08-09 2:00,950.53,4.34,55.89,25.71,11.23,21.56,172.07,0
2022-08-09 3:00,953.23,2.85,57.76,25.63,11.19,22.68,163.11,0
2022-08-09 4:00,992.63,2.86,55.98,25.64,11.08,11.97,158.56,0
2022-08-09 5:00,1008.41,2.73,57.78,25.67,11.27,26.54,174.33,0
2022-08-09 6:00,1019.18,2.69,57.34,25.66,11.15,20.04,157.7,0
2022-08-09 7:00,1145.7,11.57,62.11,25.55,32.56,22.77,190.29,0
2022-08-09 8:00,1167.77,9.52,59.93,25.61,13.35,4.99,114.5,0
2022-08-09 9:00,1143.34,6.03,57.95,25.6,13.33,11.65,102.08,0
2022-08-09 10:00,1115.66,4.29,60.6,25.56,13.35,13.85,121.74,0
2022-08-09 11:00,1103.62,4.08,57.07,25.58,13.34,2.2,110.49,0
2022-08-09 12:00,1020.87,4.18,56.02,25.6,13.38,4.43,98.12,0
2022-08-09 13:00,758.66,3.39,55.17,25.6,13.41,9.28,112.61,0
2022-08-09 14:00,653,3.8,55.14,25.59,13.43,8.77,112.74,0
2022-08-09 15:00,741.77,9.85,58.89,25.7,20.83,13.24,141.56,0
2022-08-09 16:00,774.47,7.17,55.03,25.7,13.23,5.33,73.09,0
2022-08-09 17:00,733.33,4.71,56.99,25.27,13.34,14.96,46.5,0
2022-08-09 18:00,620.68,3.35,57.55,24.9,13.36,10.91,81,0
2022-08-09 19:00,537.5,3.44,56.27,25.01,13.33,9.22,107.39,0
2022-08-09 20:00,466.03,3.1,55.22,25.37,13.41,6.95,107.29,0
2022-08-09 21:00,428.4,5.78,57.2,25.49,13.5,10.55,110.91,0
2022-08-09 22:00,378.3,9.59,58.89,25.52,13.38,8,106,0
2022-08-09 23:00,306.62,10.37,58.02,25.6,13.33,4.41,121.3,0
2022-08-10 0:00,245.05,10.75,59.76,25.6,13.41,5.72,109.25,0
2022-08-10 1:00,210.83,12.17,59.01,25.61,13.32,10.74,108.1,0
2022-08-10 2:00,190.22,11.69,59.2,25.68,13.41,7.03,114.89,0
2022-08-10 3:00,168.15,11.34,60.51,25.7,13.4,4.83,114.92,0
2022-08-10 4:00,184.27,13.75,59.85,25.7,13.47,7.07,105,0
2022-08-10 5:00,206.38,16.2,60.51,25.7,13.43,3.64,118.19,0
2022-08-10 6:00,219.85,16.87,60.4,25.7,13.32,0.13,106.74,0
2022-08-10 7:00,241.13,17.65,60.27,25.7,13.3,3.91,101.36,0
2022-08-10 8:00,261.7,14.79,60.26,25.7,13.38,7.63,96.85,0
2022-08-10 9:00,278.7,11.26,60.01,25.7,13.32,6.41,119.23,0
2022-08-10 10:00,304.1,7.45,61.01,25.68,13.44,14.69,102.11,0
2022-08-10 11:00,330.38,4.79,56.81,25.65,13.34,8.48,106.73,0
2022-08-10 12:00,384.95,4.29,54.71,25.6,13.47,14.52,109.83,0
2022-08-10 13:00,436.48,3.46,54.1,25.6,13.34,11.89,108.83,0
2022-08-10 14:00,446.29,3.21,53.88,25.56,13.4,14.26,114.85,0
2022-08-10 15:00,429.08,3.23,58.38,25.56,13.34,11.79,106.84,0
2022-08-10 16:00,434.83,3.89,57.32,25.56,13.34,8.35,74.73,0
2022-08-10 17:00,402.15,3.81,59.01,25.29,13.41,12.97,54.06,0
2022-08-10 18:00,365.41,3.65,60.67,24.94,13.43,12.08,80.74,0
2022-08-10 19:00,343.91,3.89,58.91,25.11,13.37,6.3,110.13,0
2022-08-10 20:00,326.33,4.03,57.07,25.48,13.35,7.38,102.9,0
2022-08-10 21:00,307.88,4.29,57.1,25.6,13.37,10.06,110.6,0
2022-08-10 22:00,523.06,4.71,56.92,25.66,13.4,5.8,110.11,0
2022-08-10 23:00,507.61,4.33,57.5,25.7,13.4,8,107.78,0
2022-08-11 0:00,510.29,4.43,57.5,25.73,13.36,5.51,104.14,0
2022-08-11 1:00,514.97,5.53,58.48,25.77,13.41,4.55,106.34,0
2022-08-11 2:00,526.27,5.27,58.62,25.76,13.36,4.3,99.24,0
2022-08-11 3:00,561.6,31.61,59.36,25.73,13.49,12.45,120.02,0
2022-08-11 4:00,596.13,32.63,58.83,25.75,13.43,7.42,110.04,0
2022-08-11 5:00,615.29,21.74,62.73,25.86,13.52,12.96,119.29,0
2022-08-11 6:00,609.71,8.28,68.04,25.76,13.83,33.39,136.29,0
2022-08-11 7:00,634.06,6.67,60.54,25.7,13.41,7.49,95.14,0
2022-08-11 8:00,620.84,7.03,59.61,25.7,13.44,6.45,98.61,0
2022-08-11 9:00,635.8,7.15,59.54,25.7,13.32,5.37,112.9,0
2022-08-11 10:00,711.81,6.4,60.17,25.67,13.4,1.73,111.15,0
2022-08-11 11:00,771.97,6.3,58.57,25.68,13.33,4.3,97.63,0
2022-08-11 12:00,794.39,6.21,57.36,25.63,13.38,6.01,106.77,0
2022-08-11 13:00,802.05,5.71,56.63,25.6,13.34,8.4,105.95,0
2022-08-11 14:00,794.48,5.38,55.83,25.6,13.31,7.22,121.56,0
2022-08-11 15:00,791.41,4.3,56.48,25.6,13.33,5.24,106.97,0
2022-08-11 16:00,814.6,3.52,54.84,25.58,13.43,9.74,81.36,0
2022-08-11 17:00,792.62,3.59,57.24,25.18,13.45,6.13,48.33,0
2022-08-11 18:00,758.69,3.38,57.37,24.86,13.32,3.59,70.09,0
2022-08-11 19:00,749.3,4.08,56.71,24.93,13.33,5.16,99.56,0
2022-08-11 20:00,753.84,4.53,55.61,25.35,13.37,5.38,107.41,0
2022-08-11 21:00,746.69,5.03,55.45,25.45,13.44,7.23,107.85,0
2022-08-11 22:00,730.84,4.68,57.16,25.51,13.35,4,97.89,0
2022-08-11 23:00,726.18,4.44,58.63,25.67,13.41,10.38,119.3,0
2022-08-12 0:00,688.05,3.85,59.05,25.69,13.31,1.7,104.1,0
2022-08-12 1:00,655.76,3.65,58.39,25.75,13.41,6.03,110.11,0
2022-08-12 2:00,634.54,3.53,58.73,25.76,13.45,5.96,109.07,0
2022-08-12 3:00,614.83,3.37,58.64,25.73,13.42,8.01,114.21,0
2022-08-12 4:00,620.58,3.63,59.17,25.82,13.45,10.08,113.27,0
2022-08-12 5:00,639.56,3.42,60.13,25.74,13.45,10.01,111.06,0
2022-08-12 6:00,670.26,3.51,58.44,25.7,13.38,6.3,105.46,0
2022-08-12 7:00,708.15,4,57.9,25.7,13.35,4.2,97.64,0
2022-08-12 8:00,772.37,4.24,57.75,25.68,13.3,6.23,107.85,0
2022-08-12 9:00,878.11,4.67,57.41,25.68,14.92,15.61,106.29,0
2022-08-12 10:00,946.18,4.36,59.3,25.62,13.45,15.98,126.88,0
2022-08-12 11:00,976.5,4.68,55.35,25.6,13.43,17.99,102.06,0
2022-08-12 12:00,983.29,4.29,53.41,25.6,13.5,16.53,104.43,0
2022-08-12 13:00,987.74,3.92,52.6,25.56,13.42,12.65,110.61,0
2022-08-12 14:00,976.38,3.97,52.78,25.53,13.47,11.22,109.62,0
2022-08-12 15:00,949.79,4.32,54.84,25.5,13.38,16.81,120.48,0
2022-08-12 16:00,927.64,4.86,53.19,25.5,13.36,13.59,72.36,0
2022-08-12 17:00,905,4.89,56.9,25.17,13.5,20.98,55.85,0
2022-08-12 18:00,866.11,5,56.54,24.82,13.32,9.55,77.78,0
2022-08-12 19:00,823,4.98,55.13,24.98,13.43,6.57,110.77,0
2022-08-12 20:00,795.46,4.8,53.46,25.28,13.44,8.82,110.8,0
2022-08-12 21:00,755.15,4.66,52.81,25.42,13.49,15.4,114.37,0
2022-08-12 22:00,719.39,4.78,55.02,25.5,13.55,17.77,102.18,0
2022-08-12 23:00,774.3,5.09,53.24,25.51,13.42,6.57,112.35,0
2022-08-13 0:00,866.91,5.55,54.17,25.58,13.51,15.13,111.03,0
2022-08-13 1:00,956.66,5.63,54.52,25.6,13.39,3.29,115.63,0
2022-08-13 2:00,934.66,6.92,54,25.6,13.39,6.81,112.42,0
2022-08-13 3:00,885.24,7.59,55.66,25.6,13.41,10.04,96.71,0
2022-08-13 4:00,894.23,7.5,54.39,25.6,13.47,5.93,111.14,0
2022-08-13 5:00,812.87,8.08,56.3,25.6,13.46,12.37,105.61,0
2022-08-13 6:00,807.47,7.87,55.28,25.6,13.39,7.74,111.48,0
2022-08-13 7:00,800.4,7.62,54.27,25.6,13.39,7.01,115.4,0
2022-08-13 8:00,802.31,7.6,54.02,25.6,13.45,10.86,113.76,0
2022-08-13 9:00,832.51,7.13,54.6,25.6,13.44,7.25,107.54,0
2022-08-13 10:00,880.29,6.36,56.76,25.6,13.47,11.66,111.78,0
2022-08-13 11:00,921.91,6.17,54.85,25.6,13.37,16.83,103.13,0
2022-08-13 12:00,910.49,6,55,25.6,13.39,13.15,119.05,0
2022-08-13 13:00,757.12,6.58,55.36,25.6,13.33,7.18,116.26,0
2022-08-13 14:00,697.36,7.03,55.8,25.6,13.51,7.57,100.46,0
2022-08-13 15:00,671.28,7.24,57.77,25.6,13.41,5.29,98.77,0
2022-08-13 16:00,648.61,7.08,56.29,25.58,13.38,5.82,76.03,0
2022-08-13 17:00,728.69,5.59,58.67,25.18,13.43,16.79,48.65,0
2022-08-13 18:00,904.59,4.53,58.01,24.86,13.38,12.29,85.79,0
2022-08-13 19:00,1035.06,3.76,56.17,24.97,13.35,8.71,108.83,0
2022-08-13 20:00,1099.39,3.49,54.35,25.33,13.36,2.69,105.53,0
2022-08-13 21:00,1166.76,3.46,54.7,25.45,13.5,5.82,112.87,0
2022-08-13 22:00,1222.09,3.24,55.48,25.5,13.46,3.97,108.59,0
2022-08-13 23:00,1350.12,3.19,54.41,25.55,13.32,12.98,112.69,0
2022-08-14 0:00,1443.91,3.5,56.82,25.6,13.4,11.8,116.3,0
2022-08-14 1:00,1438.85,3.8,54.95,25.6,13.39,4.35,110.5,0
2022-08-14 2:00,1424.94,4.45,54.44,25.6,13.42,7.74,111.73,0
2022-08-14 3:00,1398.17,4.28,55.94,25.6,13.39,8.3,113.5,0
2022-08-14 4:00,1438.85,4.23,54.64,25.6,13.35,6.14,107.92,0
2022-08-14 5:00,1398.31,4.28,55.63,25.6,13.41,10.48,118.03,0
2022-08-14 6:00,1353.45,4.89,56.02,25.61,13.47,3.93,100.39,0
2022-08-14 7:00,1364.58,5,55.4,25.61,13.38,4.81,119.69,0
2022-08-14 8:00,1374.84,5.06,55.34,25.6,13.42,3.24,110.81,0
2022-08-14 9:00,1404.07,5.64,56.23,25.6,13.46,14.37,126.18,0
2022-08-14 10:00,1447.81,5.43,58.57,25.6,13.43,13.18,113.21,0
2022-08-14 11:00,1562.85,5.44,55.46,25.6,13.42,7.43,115.33,0
2022-08-14 12:00,1658.87,5.64,54.11,25.6,13.45,11.13,115.96,0
2022-08-14 13:00,1626.89,5.25,53.68,25.6,13.36,10.13,112.15,0
2022-08-14 14:00,1517.9,5.68,54.07,25.6,13.54,19.17,115.92,0
2022-08-14 15:00,1418.61,4.92,56.32,25.54,13.62,11.41,120.57,0
2022-08-14 16:00,1348.91,4.74,53.38,25.54,13.5,6.51,84.4,0
2022-08-14 17:00,1303.9,5.75,55.97,25.14,13.58,10.6,57.14,0
2022-08-14 18:00,1254.53,26.33,57.28,24.8,13.36,7.82,73.87,0
2022-08-14 19:00,1206.28,29.17,56.58,24.95,13.43,12.6,118.13,0
2022-08-14 20:00,1161.07,32.55,55.29,25.36,13.3,6.11,121.23,0
2022-08-14 21:00,1148.52,24.29,55.46,25.46,13.38,19.48,114.92,0
2022-08-14 22:00,1176.82,13.77,57.1,25.5,13.48,10.55,109.67,0
2022-08-14 23:00,1256.46,8.78,54.49,25.55,13.41,7.47,119.76,0
2022-08-15 0:00,1353.04,17.72,56.63,25.58,13.52,15.5,112.8,0
2022-08-15 1:00,1387.11,12.7,54.9,25.6,13.39,12.85,113.13,0
2022-08-15 2:00,1391.75,8.86,54.17,25.6,13.41,8.82,115.47,0
2022-08-15 3:00,1360.11,6.3,55.75,25.6,13.45,9.07,101.14,0
2022-08-15 4:00,1319.06,4.93,54.35,25.6,13.44,9.04,121.44,0
2022-08-15 5:00,1246.91,4.03,56.08,25.61,13.49,10.6,120.76,0
2022-08-15 6:00,1237.38,3.29,55.84,25.6,13.4,9.64,120.8,0
2022-08-15 7:00,1252.79,2.94,54.7,25.6,13.47,2.68,111.65,0
2022-08-15 8:00,1255.81,2.79,54.54,25.6,13.44,9.41,106.51,0
2022-08-15 9:00,1245.31,2.97,54.88,25.6,13.58,16.79,117.79,0
2022-08-15 10:00,1190.21,2.65,58.92,25.58,13.57,19.74,128.02,0
2022-08-15 11:00,1190.94,2.77,55.02,25.6,13.41,17.33,108.58,0
2022-08-15 12:00,1186.46,2.56,54.77,25.59,13.45,14.21,121.82,0
2022-08-15 13:00,1139.32,2.23,54.51,25.52,13.48,10.23,109.6,0
2022-08-15 14:00,1029.68,2.58,55.53,25.5,13.48,18.07,121.72,0
2022-08-15 15:00,905.44,2.73,56.92,25.5,13.49,13.87,114.66,0
2022-08-15 16:00,837.29,3,54.25,25.5,13.43,6.92,87.67,0
2022-08-15 17:00,797.59,3.26,56.47,25.18,13.6,23.42,63.68,0
2022-08-15 18:00,802.12,3.44,57.87,24.85,13.35,10.3,92.38,0
2022-08-15 19:00,802.26,3.48,56.77,24.95,13.33,12.14,108.01,0
2022-08-15 20:00,815.64,3.59,55.67,25.32,13.4,7.37,121.45,0
2022-08-15 21:00,820.43,3.58,55.6,25.43,13.45,15.55,110.33,0
2022-08-15 22:00,869.15,3.29,56.68,25.49,13.48,9.41,107.05,0
2022-08-15 23:00,970.47,3.63,53.73,25.5,13.42,9.85,104.11,0
2022-08-16 0:00,1033.2,3.86,54.81,25.57,13.5,14.93,111.28,0
2022-08-16 1:00,1015.59,4.86,54.56,25.6,13.33,10.58,115.27,0
2022-08-16 2:00,957.97,6,54.1,25.59,13.47,10.98,111.63,0
2022-08-16 3:00,916.08,6.49,55.59,25.58,13.42,11.45,114.12,0
2022-08-16 4:00,929.03,6.41,53.81,25.6,13.43,5.86,110.36,0
2022-08-16 5:00,881.69,6.79,56.03,25.6,13.41,13.16,119.89,0
2022-08-16 6:00,828.73,6.14,55.44,25.6,13.36,5.87,112.08,0
2022-08-16 7:00,776.5,5.54,54.78,25.6,13.37,3.11,105.82,0
2022-08-16 8:00,744.89,5.87,54.9,25.6,13.46,8.89,118.05,0
2022-08-16 9:00,784.75,6.19,54.94,25.58,13.47,6.99,113.46,0
2022-08-16 10:00,828.53,4.97,59.97,25.52,13.63,19.53,118.44,0
2022-08-16 11:00,913.81,4.69,55.27,25.5,13.38,8.41,126.39,0
2022-08-16 12:00,983.41,4.09,53.25,25.5,13.5,14.91,102.87,0
2022-08-16 13:00,997.69,4.15,52.45,25.5,13.45,18.19,107.14,0
2022-08-16 14:00,1016.61,3.79,53.45,25.5,13.57,23.21,117.42,0
2022-08-16 15:00,1014.87,3.23,56.52,25.47,13.41,18.08,121.63,0
2022-08-16 16:00,1023.1,3.08,55.14,25.54,13.36,11.73,79.62,0
2022-08-16 17:00,988.72,2.43,57.48,25.2,13.64,35.49,69.06,0
2022-08-16 18:00,912.95,2.17,58.57,24.86,13.39,7.85,77.52,0
2022-08-16 19:00,774.7,2.78,57.4,25.08,13.37,8.97,112.11,0
2022-08-16 20:00,657.95,2.85,56.04,25.39,13.48,15.3,125.51,0
2022-08-16 21:00,565.28,3.39,56.1,25.49,13.39,11.12,108.54,0
2022-08-16 22:00,489.11,4.23,58.03,25.54,13.49,15.42,116.2,0
2022-08-16 23:00,488.44,4.88,57.4,25.56,13.43,10.38,120.86,0
2022-08-17 0:00,487.54,5.54,59.46,25.58,13.6,21.05,130.74,0
2022-08-17 1:00,466.06,6.31,59.42,25.64,13.4,6.13,113.69,0
2022-08-17 2:00,466.6,6.91,59.33,25.7,13.44,7.25,112.77,0
2022-08-17 3:00,485.41,6.38,58.42,25.69,13.35,7.35,112.11,0
2022-08-17 4:00,523.92,5.98,58.6,25.69,13.49,14.06,113.21,0
2022-08-17 5:00,547.26,5.65,59.36,25.6,13.46,8.43,116.55,0
2022-08-17 6:00,573.41,5.85,58.36,25.6,13.4,6.12,113.53,0
2022-08-17 7:00,599.24,5.67,57.49,25.6,13.34,3.25,115.91,0
2022-08-17 8:00,648.13,5.98,57.29,25.6,13.25,5.84,110.1,0
2022-08-17 9:00,727.85,6.18,57.33,25.6,13.39,8.93,118.81,0
2022-08-17 10:00,798.98,5.53,59.7,25.5,13.34,12.93,108.33,0
2022-08-17 11:00,827.64,5.36,56.43,25.54,13.52,9.87,104.67,0
2022-08-17 12:00,864.09,4.35,54.83,25.5,13.45,8.7,107.42,0
2022-08-17 13:00,917.27,3.66,53.81,25.5,13.44,8.51,105.98,0
2022-08-17 14:00,906.03,3.75,53.46,25.5,13.53,16.79,116.56,0
2022-08-17 15:00,885.41,4.6,55.23,25.5,13.4,11.34,104.48,0
2022-08-17 16:00,832.31,5.13,53.25,25.49,13.34,13.76,87.31,0
2022-08-17 17:00,814.64,4.54,55.47,25.11,13.6,11.31,56.4,0
2022-08-17 18:00,785.33,4.35,56.44,24.79,13.42,10.64,70.4,0
2022-08-17 19:00,761.6,4.1,54.48,24.99,13.48,3.12,108.04,0
2022-08-17 20:00,764.53,4.19,53.93,25.26,13.29,12.53,108.65,0
2022-08-17 21:00,685.32,4.6,54.49,25.4,13.39,7.38,105.95,0
2022-08-17 22:00,599.17,4.5,56.79,25.45,13.42,10.49,110.67,0
2022-08-17 23:00,530.35,3.96,55.43,25.5,13.35,10.2,104.68,0
2022-08-18 0:00,469.57,3.84,57.17,25.5,13.51,11.63,119.69,0
2022-08-18 1:00,408.85,3.81,56.47,25.5,13.38,6.92,110.83,0
2022-08-18 2:00,371.06,4.79,56.96,25.52,13.54,9.82,115.58,0
2022-08-18 3:00,353.7,5.55,58.49,25.54,13.38,8.02,109.96,0
2022-08-18 4:00,396.65,4.49,57.55,25.59,13.37,10.94,106.54,0
2022-08-18 5:00,414.74,4.41,59.6,25.6,13.54,12.57,125.53,0
2022-08-18 6:00,439.79,4.62,58.69,25.6,13.39,7.96,104.28,0
2022-08-18 7:00,451.72,5.8,58.14,25.6,13.36,3.62,107.51,0
2022-08-18 8:00,478.21,6.72,57.64,25.6,13.31,4.49,101.39,0
2022-08-18 9:00,492.35,7.86,57.04,25.6,13.43,6.87,117.76,0
2022-08-18 10:00,534.21,7.91,59.53,25.5,13.47,16.18,120.96,0
2022-08-18 11:00,623.6,7.33,56.42,25.56,13.42,11.42,116.35,0
2022-08-18 12:00,719.58,6.52,53.66,25.55,13.44,6.26,107.87,0
2022-08-18 13:00,810.42,5.42,52.48,25.5,13.33,7.27,99.06,0
2022-08-18 14:00,856.65,5.12,51.98,25.5,13.46,12.66,131.83,0
2022-08-18 15:00,872.27,5.11,54.96,25.5,13.41,9.86,101.85,0
2022-08-18 16:00,856.21,5.36,52.48,25.47,13.4,10.6,87.06,0
2022-08-18 17:00,773.66,5.78,55.97,25.15,13.49,10.72,46.78,0
2022-08-18 18:00,789,5.19,55.74,24.77,13.37,2.44,78.5,0
2022-08-18 19:00,802.43,5.15,54.41,24.93,13.43,5.91,119.63,0
2022-08-18 20:00,785.73,5.25,53.26,25.27,13.36,9.89,110.05,0
2022-08-18 21:00,746.08,5.47,53.64,25.4,13.39,6.38,115.51,0
2022-08-18 22:00,732.28,5.1,54.8,25.43,13.39,8.13,124.5,0
2022-08-18 23:00,768.28,6.52,55.44,25.57,32.66,11.63,179.75,0
2022-08-19 0:00,1320.96,25.45,64.57,25.64,53.04,28.43,311.35,1
2022-08-19 1:00,1537.38,23,62.87,25.88,11.34,2.12,112.26,0
2022-08-19 2:00,1613.97,17.24,64.6,26.26,11.31,2.12,103.33,0
2022-08-19 3:00,1645.35,13.05,65.52,26.53,11.31,2.12,107.35,0
2022-08-19 4:00,1709.94,9.68,65.71,26.69,11.28,2.11,99.52,0
2022-08-19 5:00,1650.26,7.33,60.78,26.57,11.71,32.24,146.83,0
2022-08-19 6:00,1631.53,5.61,58.53,26.07,11.38,9.57,124.13,0
2022-08-19 7:00,1709.47,8,60.42,26.11,22.95,5.64,234.95,1
2022-08-19 8:00,1771.24,14.15,65.66,26.46,56.99,2.1,204.11,1
2022-08-19 9:00,1684.44,10.16,65,26.6,44.57,3.07,195.65,0
2022-08-19 10:00,1553.94,6.13,59.38,26.4,13.88,33.98,140.92,0
2022-08-19 11:00,1413.44,5.7,54.66,25.9,15.33,19.32,122.68,0
2022-08-19 12:00,1249.97,12.13,55.8,25.9,35.28,23.55,173.68,0
2022-08-19 13:00,1217.29,7.38,52.68,25.75,13.44,12.57,107.07,0
2022-08-19 14:00,1168.81,5.16,52.3,25.7,13.42,7.9,108.8,0
2022-08-19 15:00,1093.14,4.5,53.53,25.7,13.37,16.43,95.23,0
2022-08-19 16:00,994.4,4.78,52.79,25.62,13.46,6.53,81.16,0
2022-08-19 17:00,900.73,4.06,54.16,25.22,13.32,13.89,50.45,0
2022-08-19 18:00,892.56,3.71,55.63,24.91,13.33,3.9,84.21,0
2022-08-19 19:00,851.05,3.38,55.5,24.93,13.38,11.47,111.21,0
2022-08-19 20:00,835.64,3.6,54.87,25.34,13.34,4.53,98.07,0
2022-08-19 21:00,845.96,3.71,54.84,25.5,13.39,11.51,109.16,0
2022-08-19 22:00,875.91,3.74,57.37,25.51,13.49,8.07,115.18,0
2022-08-19 23:00,974.93,4.3,55.48,25.6,13.37,1.54,107.77,0
2022-08-20 0:00,1221.12,6.83,57.21,25.64,16.38,17.04,170.47,0
2022-08-20 1:00,1985,10.95,57.34,25.55,12.57,24.34,176.28,0
2022-08-20 2:00,2220.14,12.82,58.87,25.6,14.72,8.86,112.77,0
2022-08-20 3:00,1943.88,6.74,58.19,25.67,13.43,8.35,106.25,0
2022-08-20 4:00,1740.93,5.1,55.45,25.57,13.37,6.07,108.46,0
2022-08-20 5:00,1605.69,4.81,55.38,25.5,13.44,9.4,112.85,0
2022-08-20 6:00,1541.97,4.44,55.42,25.5,13.36,3.96,107.91,0
2022-08-20 7:00,1502.52,4.84,54.36,25.5,13.39,3.49,103.77,0
2022-08-20 8:00,1428.95,4.81,54.18,25.5,13.43,7.76,98.69,0
2022-08-20 9:00,1374.97,4.63,54.45,25.46,13.37,10.63,107.37,0
2022-08-20 10:00,1436.13,7.85,59.72,25.74,48.38,33.88,237.12,1
2022-08-20 11:00,1489.44,5.7,54.2,25.65,13.63,17.75,113.57,0
2022-08-20 12:00,1490.56,4.12,52.98,25.6,13.57,21.56,116.55,0
2022-08-20 13:00,1448.59,3.5,52.94,25.6,13.43,18.03,111.99,0
2022-08-20 14:00,1310.03,3.22,53.27,25.6,13.61,24.59,120.76,0
2022-08-20 15:00,1190.75,2.97,54.91,25.5,13.56,18.09,127.99,0
2022-08-20 16:00,1082.14,3.16,52.89,25.49,13.44,11.38,83.83,0
2022-08-20 17:00,1002,3.32,57.04,25.16,13.57,21.06,52.92,0
2022-08-20 18:00,891.75,3.53,57.37,24.82,13.45,10.4,82.08,0
2022-08-20 19:00,825.22,3.33,54.4,24.93,13.35,9.9,103.97,0
2022-08-20 20:00,789.85,3.61,53.83,25.32,13.44,10.01,121.46,0
2022-08-20 21:00,820.22,4.17,53.16,25.4,13.52,15.83,111.95,0
2022-08-20 22:00,861.74,4.23,54.64,25.5,13.42,13.09,101.65,0
2022-08-20 23:00,924.87,5.26,53.4,25.55,27.32,2.79,137,0
2022-08-21 0:00,1361.06,11.93,62.23,25.66,57.91,40.71,289.52,1
2022-08-21 1:00,1856.33,12.76,58.66,25.5,56.71,22.97,244.75,1
2022-08-21 2:00,1825.87,9.03,58.05,25.48,56.72,23.68,258.14,1
2022-08-21 3:00,1757.88,7.36,58.16,25.52,11.61,23.13,177.79,0
2022-08-21 4:00,1719.81,5.63,56.63,25.55,11.43,14.36,158.29,0
2022-08-21 5:00,1671.33,4.61,57.97,25.55,11.59,23.96,179.3,0
2022-08-21 6:00,1613.03,3.58,57.17,25.58,11.44,20.54,183.75,0
2022-08-21 7:00,1618.7,4.23,56.14,25.55,10.82,11.47,161.81,0
2022-08-21 8:00,1733.12,5.95,56.54,25.58,10.4,27.48,173.52,0
2022-08-21 9:00,2029.15,6.97,58.08,25.5,10.54,28.5,180.73,0
2022-08-21 10:00,1999.82,4.81,59.66,25.47,10.48,26.48,182.69,0
2022-08-21 11:00,1924,8.27,59.77,25.54,15.85,23.02,226.18,1
2022-08-21 12:00,1785.5,7.49,58.75,25.66,33.11,30.17,172.49,0
2022-08-21 13:00,1551.76,8.22,54.55,25.69,18.13,23.91,138.14,0
2022-08-21 14:00,1264.05,5.3,53.66,25.53,13.64,22.45,122.82,0
2022-08-21 15:00,1090.38,4.1,56.3,25.5,13.51,17.92,114.74,0
2022-08-21 16:00,1013.91,4.39,52.8,25.48,13.51,14.77,75.02,0
2022-08-21 17:00,981.84,4.36,55.96,25.14,13.62,16.84,57.34,0
2022-08-21 18:00,909.72,4.17,56.22,24.77,13.54,11.97,80.4,0
2022-08-21 19:00,823.13,4.05,54.83,24.9,13.39,18.44,104.73,0
2022-08-21 20:00,783.92,4,53.42,25.2,13.39,5.6,111.91,0
2022-08-21 21:00,801.65,3.87,54.1,25.36,13.57,10.86,104.03,0
2022-08-21 22:00,857.94,3.72,55.96,25.4,13.38,13.75,115.35,0
2022-08-21 23:00,940.14,4.26,53.83,25.48,13.37,6.96,121.26,0
2022-08-22 0:00,1040.59,3.67,56.1,25.5,13.44,10.37,116.29,0
2022-08-22 1:00,1173.03,3.42,53.65,25.5,13.38,8.9,106.08,0
2022-08-22 2:00,1231.16,3.91,52.65,25.51,13.53,11.26,115.71,0
2022-08-22 3:00,1245.36,5.07,53.53,25.5,13.39,7.19,111.06,0
2022-08-22 4:00,1285.46,5.7,52.3,25.5,13.41,5.87,110.15,0
2022-08-22 5:00,1312.84,5.13,53.71,25.52,13.38,12.7,112.64,0
2022-08-22 6:00,1350.12,5.27,53.04,25.5,13.36,11.49,107.17,0
2022-08-22 7:00,1398.97,5.15,52.86,25.52,13.37,7.73,107.57,0
2022-08-22 8:00,1433.69,4.74,52.5,25.51,13.32,5.09,109.16,0
2022-08-22 9:00,1526.31,4.68,52.47,25.52,13.48,9.67,101.09,0
2022-08-22 10:00,1566.97,4.03,58.83,25.52,13.51,22.91,120.86,0
2022-08-22 11:00,1534.76,4.11,53.51,25.5,13.56,11.75,114.33,0
2022-08-22 12:00,1431.03,4.27,52.58,25.5,13.45,15.66,115.66,0
2022-08-22 13:00,1315.44,4.14,51.78,25.5,13.47,12.57,111.55,0
2022-08-22 14:00,1217.63,3.88,52.07,25.47,13.46,11.2,112.9,0
2022-08-22 15:00,1356.87,5.87,55.26,25.34,48.18,34.9,225.35,1
2022-08-22 16:00,1756.57,10.4,54.65,24.83,57.87,41.3,260.8,1
2022-08-22 17:00,2058.34,9.51,58.93,24.42,58.13,42.1,216.76,1
2022-08-22 18:00,2147.19,9.13,56.63,24.07,58.36,41.17,248.48,1
2022-08-22 19:00,2152.18,8.36,55.21,24.2,31.7,41.12,221.98,1
2022-08-22 20:00,2167.35,3.7,54.21,24.3,11.94,40.83,178.7,0
2022-08-22 21:00,2201.27,7.13,58.83,24.49,14.18,28.13,166.2,0
2022-08-22 22:00,1784.87,4.07,58.84,24.67,13.98,22.36,140.97,0
2022-08-22 23:00,1333.22,3.33,57.14,24.76,13.38,4.39,111.87,0
2022-08-23 0:00,1068.11,3.73,59.89,25.16,13.4,4.96,108.94,0
2022-08-23 1:00,918.86,3.92,58.33,25.35,13.4,6.02,110.29,0
2022-08-23 2:00,839.03,3.45,56.94,25.4,13.45,4.41,110.9,0
2022-08-23 3:00,789.48,3.41,57.26,25.44,13.38,5.23,108.62,0
2022-08-23 4:00,785.84,3.21,55.71,25.5,13.35,2.63,111.19,0
2022-08-23 5:00,767.4,3.24,56.86,25.5,13.41,9.31,107.32,0
2022-08-23 6:00,764.97,2.97,56.19,25.5,13.42,10.78,104.47,0
2022-08-23 7:00,783.98,2.97,56.03,25.5,13.28,10.22,111.08,0
2022-08-23 8:00,808.03,3.05,55.88,25.51,13.26,7.18,107.65,0
2022-08-23 9:00,829.36,3.83,56.67,25.51,19.84,7.83,128.37,0
2022-08-23 10:00,934.84,9.27,60.11,25.7,42.23,29.84,197.98,0
2022-08-23 11:00,986.97,7.62,54.56,25.62,13.39,1.77,96.55,0
2022-08-23 12:00,1017.03,4.58,52.85,25.6,13.43,4.11,118.09,0
2022-08-23 13:00,1045.91,3.32,52.06,25.6,13.39,7.74,111.88,0
2022-08-23 14:00,1058.81,2.95,51.58,25.56,13.39,13.08,120.41,0
2022-08-23 15:00,1047.32,2.73,54.27,25.51,13.35,9.62,111.16,0
2022-08-23 16:00,1036.4,2.54,52.49,25.51,17.43,4.61,96.92,0
2022-08-23 17:00,1268.68,6.55,59.91,25.22,26.74,42.46,144.37,0
2022-08-23 18:00,1824.81,7.38,59.49,24.36,11.35,40.55,152.59,0
2022-08-23 19:00,1841.74,5.78,57.23,23.96,11.34,40.25,194.75,0
2022-08-23 20:00,1759.41,5.03,55.49,23.79,11.39,38.68,192.58,0
2022-08-23 21:00,1640.42,11.33,57.3,23.64,11.43,39.2,193.04,0
2022-08-23 22:00,1364.85,10.75,63.83,24.21,13.35,3.96,99.82,0
2022-08-23 23:00,953.23,8.12,62.17,24.93,13.32,3.68,104.19,0
2022-08-24 0:00,678.82,6.33,61.21,25.27,13.37,5.1,107.19,0
2022-08-24 1:00,529.19,5.39,59.4,25.4,13.37,5.48,108.27,0
2022-08-24 2:00,452.97,4.5,57.97,25.46,13.5,4.57,126.73,0
2022-08-24 3:00,408.37,3.92,57.9,25.5,13.37,3.53,105.61,0
2022-08-24 4:00,386.32,3.47,56.4,25.5,13.37,4.75,114.09,0
2022-08-24 5:00,361.19,2.97,56.85,25.5,13.41,4.6,106.24,0
2022-08-24 6:00,345.46,2.59,56.12,25.5,13.41,8.06,112.27,0
2022-08-24 7:00,347.72,2,55.74,25.5,13.34,5.91,108.63,0
2022-08-24 8:00,459.6,2.43,55.43,25.5,13.39,5.73,106.55,0
2022-08-24 9:00,529.42,2.78,55.04,25.52,14.81,9.08,135.67,0
2022-08-24 10:00,793.15,6.15,55.63,25.6,26.96,28.17,159.65,0
2022-08-24 11:00,803.33,4.56,52.56,25.54,13.4,15.89,112.44,0
2022-08-24 12:00,799.41,3.6,51.47,25.5,13.31,4.63,116.58,0
2022-08-24 13:00,823.34,3.21,51.1,25.5,13.32,8.83,108.01,0
2022-08-24 14:00,839.77,3.09,50.6,25.5,13.46,18.13,100.01,0
2022-08-24 15:00,858.05,3.14,53.52,25.5,13.39,7.92,109.25,0
2022-08-24 16:00,853.08,3.45,51.14,25.48,13.28,7.21,74.93,0
2022-08-24 17:00,875.47,3.17,54.06,25.1,13.41,12.22,49.99,0
2022-08-24 18:00,919.22,2.79,54.26,24.79,13.39,10.99,85.72,0
2022-08-24 19:00,1041.63,12.15,55.84,25.05,35.47,2.95,154.69,0
2022-08-24 20:00,1533.58,27.95,61.06,25.77,11.98,2.06,96.82,0
2022-08-24 21:00,1723.11,14.21,54.9,25.81,21.07,36.95,156.6,0
2022-08-24 22:00,1591.38,10.32,59.17,25.3,16.88,22.87,123.5,0
2022-08-24 23:00,1308.86,5.38,57.26,25.43,13.5,8.28,98.21,0
2022-08-25 0:00,1097.32,3.58,57.52,25.5,13.44,4.45,110.06,0
2022-08-25 1:00,981.82,2.75,56.41,25.5,13.39,4.88,114.95,0
2022-08-25 2:00,915.03,2.11,55.77,25.5,13.51,4.46,106.17,0
2022-08-25 3:00,856.57,2.19,56.47,25.5,13.44,4.43,107.01,0
2022-08-25 4:00,833.69,2.16,56,25.5,13.36,4.51,102.6,0
2022-08-25 5:00,816.35,2.16,56.7,25.5,13.33,3.85,106.92,0
2022-08-25 6:00,825.11,2.11,56.34,25.5,13.35,2.81,103.48,0
2022-08-25 7:00,809.26,2.03,56.04,25.5,13.33,5.77,109.81,0
2022-08-25 8:00,765.05,2.35,56.15,25.5,13.35,3.82,102.67,0
2022-08-25 9:00,741.68,2.6,56.37,25.5,13.38,4.34,101.41,0
2022-08-25 10:00,714.79,2.71,57.16,25.5,13.36,9.19,99.06,0
2022-08-25 11:00,665.08,2.42,55.22,25.5,13.31,5.11,106.85,0
2022-08-25 12:00,571.25,13.22,57.13,25.61,34.7,14.21,170.66,0
2022-08-25 13:00,522.06,8.8,53,25.6,13.35,4.3,114.16,0
2022-08-25 14:00,461.21,6.5,52.36,25.58,13.37,3.78,96.52,0
2022-08-25 15:00,417.76,5.03,52.7,25.56,13.32,3.5,111.77,0
2022-08-25 16:00,420.11,4.32,52.76,25.51,13.38,3.28,64.97,0
2022-08-25 17:00,474.65,3.32,54.77,25.15,13.4,3.99,42.33,0
2022-08-25 18:00,528.5,3.07,55.47,24.79,13.36,4.04,74.56,0
2022-08-25 19:00,553.14,2.91,55.09,24.97,13.38,7.81,102.51,0
2022-08-25 20:00,555.29,2.68,54.44,25.35,13.33,3.31,103.38,0
2022-08-25 21:00,547.56,2.42,54.4,25.44,13.34,6.86,99.88,0
2022-08-25 22:00,532.68,2.65,55.23,25.5,13.39,5.74,111.06,0
2022-08-25 23:00,515.85,3.03,54.81,25.54,13.36,3.3,110.98,0
2022-08-26 0:00,501.05,3.03,55.85,25.57,13.4,5.48,116.6,0
2022-08-26 1:00,485.9,2.89,55.52,25.6,13.41,3.88,112.75,0
2022-08-26 2:00,481,2.8,55.36,25.6,13.41,4,105.39,0
2022-08-26 3:00,472.59,2.85,56.13,25.6,13.35,0.14,110.84,0
2022-08-26 4:00,491.24,3.07,55.96,25.6,13.36,2.02,100.07,0
2022-08-26 5:00,527.69,3.11,56.56,25.6,13.44,3.37,104.32,0
2022-08-26 6:00,540.53,3.38,56.49,25.6,13.36,1.05,108.27,0
2022-08-26 7:00,547.92,4.07,56.42,25.6,13.36,7.48,99.93,0
2022-08-26 8:00,499.55,4.38,56.49,25.6,13.32,4.13,107.78,0
2022-08-26 9:00,509.29,5.56,56.48,25.6,13.3,9.04,103.35,0
2022-08-26 10:00,552.94,6.65,57.19,25.6,13.45,11.29,116.12,0
2022-08-26 11:00,588.26,7.28,53.31,25.52,13.42,13.54,106.37,0
2022-08-26 12:00,677.84,6.77,52.05,25.5,13.49,14.99,125.16,0
2022-08-26 13:00,750.29,5.82,51.03,25.5,13.5,8.45,111.65,0
2022-08-26 14:00,793.41,5.25,51.88,25.5,13.66,14.15,115.25,0
2022-08-26 15:00,818.38,4.58,56.39,25.48,13.43,12.92,113.93,0
2022-08-26 16:00,819,4.58,51.9,25.47,13.41,8.64,82.46,0
2022-08-26 17:00,791.6,4.52,54.58,25.08,13.36,7.73,38.99,0
2022-08-26 18:00,793.79,5.11,54.06,24.77,13.4,11.59,72.11,0
2022-08-26 19:00,799,19.9,53.07,24.93,13.34,7.61,106.28,0
2022-08-26 20:00,804.09,14.47,52.3,25.26,13.29,2.12,95.85,0
2022-08-26 21:00,821.76,10.67,53.24,25.39,13.4,10.05,115.3,0
2022-08-26 22:00,814.38,9.03,55.46,25.46,13.42,6.57,113.57,0
2022-08-26 23:00,805.91,18.14,54.07,25.5,13.36,5.9,99.73,0
2022-08-27 0:00,775.84,19.29,54.75,25.5,13.51,3.84,108.88,0
2022-08-27 1:00,724.13,15.06,54.58,25.52,13.35,3.73,99.4,0
2022-08-27 2:00,645.97,12.48,55.42,25.55,13.47,5.01,113.4,0
2022-08-27 3:00,593.09,9.84,57.47,25.56,13.38,3.8,103.4,0
2022-08-27 4:00,532.78,8.21,56.04,25.58,13.34,0.13,104.01,0
2022-08-27 5:00,501.14,6.64,56.82,25.6,13.43,3.06,113.75,0
2022-08-27 6:00,468.3,5.65,57.64,25.6,13.34,0.12,107.77,0
2022-08-27 7:00,409.38,4.86,56.47,25.6,13.32,0.13,98.07,0
2022-08-27 8:00,379.11,4.57,55.7,25.6,13.3,0.13,99.53,0
2022-08-27 9:00,348.56,3.95,55.11,25.5,13.31,0.14,99.55,0
2022-08-27 10:00,363.91,3.19,55.25,25.51,13.31,2.12,108.51,0
2022-08-27 11:00,427.91,2.78,52.73,25.56,13.38,7.24,109.63,0
2022-08-27 12:00,450.55,2.53,50.8,25.52,13.47,11.53,101.08,0
2022-08-27 13:00,478.93,2.68,50.03,25.5,13.48,6.9,116.41,0
2022-08-27 14:00,509.87,2.27,51.76,25.5,13.48,12.2,103.97,0
2022-08-27 15:00,483.51,2.24,54.85,25.5,13.48,5.9,104.93,0
2022-08-27 16:00,458.48,1.92,51.48,25.48,13.32,9.3,78.64,0
2022-08-27 17:00,455.24,2.07,53.1,25.17,13.38,3.25,40.2,0
2022-08-27 18:00,473.58,2.02,53.56,24.78,13.41,4.45,70.95,0
2022-08-27 19:00,453.91,2.05,52.87,24.96,13.34,5.74,106.48,0
2022-08-27 20:00,433.41,2.03,51.83,25.27,13.37,5.01,97.89,0
2022-08-27 21:00,418.39,2.17,51.55,25.38,13.44,4.82,102.69,0
2022-08-27 22:00,430.52,2.38,52.84,25.4,13.33,0.14,102.51,0
2022-08-27 23:00,455.1,2.5,51.81,25.44,13.34,2.11,112.36,0
2022-08-28 0:00,419.41,3.14,51.34,25.47,13.38,0.13,109.95,0
2022-08-28 1:00,395.55,3.09,50.83,25.48,13.36,0.14,99.96,0
2022-08-28 2:00,389.79,3.06,50.49,25.48,13.35,0.12,106.66,0
2022-08-28 3:00,390.47,3.08,50.37,25.46,16.51,1.1,117.8,0
2022-08-28 4:00,800.95,13.48,62.79,25.7,14.08,3.11,162.34,0
2022-08-28 5:00,1073.52,9.69,62.28,25.9,11.03,2.2,153.27,0
2022-08-28 6:00,1198.68,7.8,61.04,26,10.98,2.17,155.58,0
2022-08-28 7:00,1257.86,6.59,60.03,26.06,11.03,9.56,165.26,0
2022-08-28 8:00,1275.98,7.29,57.91,25.94,10.95,2.16,162.97,0
2022-08-28 9:00,1328.79,12.86,56.7,25.88,11.09,13.69,157.28,0
2022-08-28 10:00,1344.03,12,55.59,25.8,11.09,14.89,175.3,0
2022-08-28 11:00,1316.71,11.23,54.62,25.53,15.67,19.47,178.11,0
2022-08-28 12:00,1571.07,16.45,60.25,25.55,28.16,25.34,207.26,1
2022-08-28 13:00,1479.61,12.58,59.96,25.42,35.39,24.88,184.51,0
2022-08-28 14:00,1151.47,7.84,56.31,25.43,13.74,17.67,120.36,0
2022-08-28 15:00,1133.03,5.59,57.05,25.5,38.01,23.33,196.84,0
2022-08-28 16:00,1729.49,8.29,55.86,25.46,44.42,23.28,190.69,0
2022-08-28 17:00,1904.52,5.41,59.58,25.11,19.43,29.52,135.22,0
2022-08-28 18:00,2123.32,7.24,60.49,24.81,57.76,26.9,226.7,1
2022-08-28 19:00,1722.33,4.72,57.65,24.98,57.42,13.56,261.92,1
2022-08-28 20:00,1478.27,14.27,56.83,25.3,57.68,21.43,270.12,1
2022-08-28 21:00,1791.43,20.58,57.03,25.35,58.04,29.34,276.92,1
2022-08-28 22:00,1969.74,21.43,57.99,25.33,35.33,24.43,201.08,1
2022-08-28 23:00,1641.94,15.42,54.32,25.39,13.48,3.64,113.31,0
2022-08-29 0:00,1314,11.1,55.03,25.46,13.5,10.28,102.36,0
2022-08-29 1:00,1123.85,8.93,54.92,25.5,13.39,7.05,109.25,0
2022-08-29 2:00,1004.9,7.41,54.85,25.5,13.46,10.31,105.03,0
2022-08-29 3:00,879.71,5,59.82,25.5,13.48,11.86,117.24,0
2022-08-29 4:00,836.13,3.97,57.3,25.56,13.39,4.83,104.77,0
2022-08-29 5:00,791.13,3.16,59.23,25.59,13.63,13.01,117.29,0
2022-08-29 6:00,723.21,3.16,57.92,25.58,13.34,4.88,107.23,0
2022-08-29 7:00,647,3.5,56.22,25.56,21.35,7.22,127.32,0
2022-08-29 8:00,674.41,13,54.96,25.68,28.29,7.06,174.17,0
2022-08-29 9:00,589.35,6.88,54.27,25.6,13.35,2.99,103.75,0
2022-08-29 10:00,525.55,6.08,57.62,25.58,13.41,4.83,112.94,0
2022-08-29 11:00,480.53,4.58,56.04,25.6,13.35,1.57,103.7,0
2022-08-29 12:00,492.97,3.77,55.07,25.58,13.38,0.13,121.27,0
2022-08-29 13:00,534.18,3.93,54.58,25.55,13.3,2.35,99.79,0
2022-08-29 14:00,621.32,4.07,54.62,25.55,13.29,5.58,111.65,0
2022-08-29 15:00,662.08,3.44,55.88,25.55,13.28,6.87,101.58,0
2022-08-29 16:00,637.92,3.97,55.14,25.48,13.29,2.59,67.53,0
2022-08-29 17:00,603.84,4.28,56.46,25.13,13.35,2.16,39.48,0
2022-08-29 18:00,581.42,4.08,56.91,24.79,13.31,2.41,60.84,0
2022-08-29 19:00,571.17,4.9,56.62,24.96,17.84,4,110.46,0
2022-08-29 20:00,534.7,5.74,55.99,25.38,13.31,0.14,104.84,0
2022-08-29 21:00,507.26,5.69,55.41,25.51,13.34,0.13,99.02,0
2022-08-29 22:00,504.03,4.68,55.34,25.6,22.78,1.43,123.65,0
2022-08-29 23:00,678,12.39,67.97,25.77,57.69,2.53,244.44,1
2022-08-30 0:00,723.46,5.88,62.58,25.68,57.97,18.73,272.77,1
2022-08-30 1:00,735.54,3.52,62.27,25.77,57.57,2.17,248.26,1
2022-08-30 2:00,733,4.44,59.59,25.77,50.62,14.34,264.22,1
2022-08-30 3:00,705.11,6.23,61,25.78,9.97,2.16,205.19,1
2022-08-30 4:00,712.76,10.86,61.04,25.93,9.93,2.16,199.56,0
2022-08-30 5:00,725,11.66,60.88,26,9.93,2.68,198.1,0
2022-08-30 6:00,723.66,9.16,60.09,26,9.87,2.16,157.48,0
2022-08-30 7:00,685.77,6.71,59.8,25.96,15.68,2.13,167.75,0
2022-08-30 8:00,746.8,26.64,60.83,25.98,51.74,3.11,198.3,0
2022-08-30 9:00,698.38,44.88,60.5,25.92,27.14,0.89,115.87,0
2022-08-30 10:00,556.62,11.85,60.19,25.92,13.38,0.67,96.36,0
2022-08-30 11:00,563.42,6.28,60.37,25.9,32.08,1.28,136.54,0
2022-08-30 12:00,508.03,4.74,60.14,25.8,13.34,0.13,105.03,0
2022-08-30 13:00,477.38,4.11,59.9,25.73,13.3,0.13,111.72,0
2022-08-30 14:00,483.67,3.5,59.91,25.7,13.3,0.13,100.94,0
2022-08-30 15:00,476.83,3.16,60.26,25.7,13.29,0.13,108.11,0
2022-08-30 16:00,439.5,2.55,60.68,25.63,13.29,0.14,68.58,0
2022-08-30 17:00,490.87,3.65,62.54,25.23,45.42,2.45,115.49,0
2022-08-30 18:00,640.83,4.45,64.65,24.97,48.19,2.85,160.12,0
2022-08-30 19:00,767.57,5.89,64.67,25.25,57.16,3.35,235.51,1
2022-08-30 20:00,988.79,4.91,58.17,25.24,58.41,41.69,235.2,1
2022-08-30 21:00,975.27,3.77,56.46,24.88,58.75,40.1,244.58,1
2022-08-30 22:00,1043.81,12.97,65.16,24.68,58.31,23.06,286.01,1
2022-08-30 23:00,1108.17,19.23,79.69,25.2,18.75,2.16,213.28,1
2022-08-31 0:00,978,13.68,74.17,25.32,17.77,2.17,203.74,1
